Date,Close,Volume,RSI
,CFG,CFG,
2014-10-13,15.471423149108887,1382800,35.99999261943597
2014-10-14,15.471423149108887,1605800,35.99999261943597
2014-10-15,15.057927131652832,3405400,28.723224148430887
2014-10-16,15.023468971252441,3105800,22.846346053476537
2014-10-17,15.106175422668457,2750600,26.35397313160975
2014-10-20,15.423176765441895,1870600,32.89472306600504
2014-10-21,15.726404190063477,1165500,41.04048647118017
2014-10-22,15.57479190826416,884700,39.664802093846596
2014-10-23,15.871129035949707,1154200,47.435911538105344
2014-10-24,15.974496841430664,1357800,57.80332232929407
2014-10-27,15.74708080291748,2898800,54.495918046454065
2014-10-28,16.043413162231445,1500600,56.84754577402841
2014-10-29,16.18124008178711,1302300,63.15798673766038
2014-10-30,16.153676986694336,1153600,65.93404086747194
2014-10-31,16.277727127075195,1238600,66.02738188712925
2014-11-03,16.53960609436035,1826900,69.23077979646196
2014-11-04,16.331989288330078,1474500,74.77375502679038
2014-11-05,16.53960609436035,1097600,77.62083316393739
2014-11-06,16.81641387939453,1010700,79.09900133153631
2014-11-07,16.588041305541992,600700,70.43603263075508
2014-11-10,16.57420539855957,1531300,66.55451356042042
2014-11-11,16.56728744506836,658300,70.54056433177792
2014-11-12,16.511924743652344,940800,64.73116704821547
2014-11-13,16.484237670898438,1149700,62.14081934891835
2014-11-14,16.58112335205078,1111500,71.18198169046629
2014-11-17,16.608806610107422,992400,66.62818549495427
2014-11-18,16.421960830688477,586000,56.88117813193464
2014-11-19,16.415035247802734,812800,57.56031890534911
2014-11-20,16.408117294311523,745800,54.04597935166794
2014-11-21,16.44964027404785,725200,46.76614323089496
2014-11-24,16.781814575195312,836800,64.84026942264418
2014-11-25,16.62956428527832,701600,53.080359475416685
2014-11-26,16.767972946166992,703700,48.167601973451625
2014-11-28,17.044784545898438,713400,66.66666666666666
2014-12-01,16.594961166381836,2282600,50.57456456221792
2014-12-02,16.747211456298828,1369300,54.609773117768825
2014-12-03,16.767972946166992,1854500,56.6785369236632
2014-12-04,16.885618209838867,1433700,59.99998099215261
2014-12-05,17.404644012451172,1008400,66.9515201959922
2014-12-08,17.328519821166992,2244900,64.52506203244702
2014-12-09,17.411558151245117,1141800,70.84521234367115
2014-12-10,17.058629989624023,631000,61.832165997964786
2014-12-11,17.086305618286133,1709100,62.373710658555936
2014-12-12,16.927141189575195,950800,58.35352075266707
2014-12-15,16.947891235351562,1175100,53.26067906847157
2014-12-16,16.781814575195312,1313900,52.97307645607112
2014-12-17,16.99634552001953,2160100,54.33080549589428
2014-12-18,17.356199264526367,1768500,55.72527542659651
2014-12-19,17.300838470458984,7523100,65.17894422537893
2014-12-22,17.370044708251953,1689600,63.88924806555012
2014-12-23,17.605329513549805,1174600,67.04254658385094
2014-12-24,17.653776168823242,547200,66.08730386987506
2014-12-26,17.5153751373291,304000,52.75884059789215
2014-12-29,17.55689239501953,1071000,55.78969051825934
2014-12-30,17.432327270507812,511800,50.51567971312504
2014-12-31,17.203950881958008,621600,53.846076184514736
2015-01-02,17.134750366210938,643500,51.25456774488003
2015-01-05,16.733379364013672,1330400,45.541484857980755
2015-01-06,16.546525955200195,2075000,41.42031568913174
2015-01-07,16.608806610107422,1160200,46.130006126729434
2015-01-08,16.733379364013672,661500,43.8710824627695
2015-01-09,16.532682418823242,724700,29.268341870689312
2015-01-12,16.5257568359375,941100,29.999940939766432
2015-01-13,16.51883888244629,989800,27.306141336682757
2015-01-14,16.221267700195312,962500,14.28589709137907
2015-01-15,15.889091491699219,1558000,10.280363400010472
2015-01-16,16.048259735107422,1951800,17.283921211682994
2015-01-20,15.985980987548828,1742100,15.290701594686624
2015-01-21,16.110544204711914,787300,20.79516941031102
2015-01-22,16.7056884765625,486500,40.526324569477296
2015-01-23,16.408117294311523,651800,37.28814124873288
2015-01-26,16.671092987060547,1167800,48.85490187277685
2015-01-27,16.712610244750977,1308200,53.225739531423876
2015-01-28,16.511924743652344,1301900,48.214333424736516
2015-01-29,16.774892807006836,1818600,50.728009692078494
2015-01-30,16.53960609436035,1882300,50.11996319806684
2015-02-02,16.608806610107422,1445800,51.40856643379266
2015-02-03,16.879825592041016,1351800,55.619124756023915
2015-02-04,16.68524742126465,1101600,57.46156172607373
2015-02-05,16.921525955200195,984600,67.13166135271297
2015-02-06,17.0257625579834,1748400,66.5213413513707
2015-02-09,16.85898208618164,781600,64.25165899444013
2015-02-10,17.248144149780273,1384900,67.0944065925373
2015-02-11,17.352378845214844,1393100,61.39946474440873
2015-02-12,17.602558135986328,985100,71.41263754938305
2015-02-13,17.685945510864258,1164500,69.44523830581295
2015-02-17,17.762388229370117,1807100,69.84877903823295
2015-02-18,17.519163131713867,1783500,68.74295031556322
2015-02-19,17.387126922607422,896800,61.976188432995926
2015-02-20,17.54696273803711,744800,70.30472562698618
2015-02-23,17.31068229675293,743600,63.254559141876385
2015-02-24,17.324583053588867,530700,59.302376607802664
2015-02-25,17.345428466796875,612600,64.89023493123281
2015-02-26,17.268983840942383,702900,58.44577803823244
2015-02-27,17.262041091918945,468500,56.028443343981095
2015-03-02,17.268983840942383,1408600,61.38982350354211
2015-03-03,17.401023864746094,905500,54.95481795511838
2015-03-04,17.303733825683594,1781500,48.416290154719704
2015-03-05,17.58170509338379,1959200,49.33316580646499
2015-03-06,17.720691680908203,1542200,51.072952778769235
2015-03-09,17.533058166503906,1890600,43.37340101299031
2015-03-10,17.373226165771484,1434300,45.569564547714926
2015-03-11,17.449670791625977,837700,51.96506968923002
2015-03-12,17.7137451171875,2143300,54.91800881441803
2015-03-13,17.21339225769043,3480900,47.51773325754685
2015-03-16,17.588655471801758,1186800,55.688607008265215
2015-03-17,17.790184020996094,1225200,58.8888990543108
2015-03-18,17.505273818969727,1287700,54.359251533500554
2015-03-19,17.23423957824707,1824100,49.53263836161786
2015-03-20,17.23423957824707,6593200,49.41455964703886
2015-03-23,17.20644187927246,3773300,46.60192299108853
2015-03-24,16.900676727294922,2657600,43.43895926477893
2015-03-25,16.67829704284668,5012400,35.0230892696556
2015-03-26,16.761690139770508,62491000,33.802888589510914
2015-03-27,17.01186752319336,9244300,41.37944523874722
2015-03-30,16.900676727294922,5463500,42.056155075426645
2015-03-31,16.768644332885742,3946500,38.76156722525086
2015-04-01,16.92847442626953,5348500,36.579576317927156
2015-04-02,17.10915184020996,6024800,47.999976578807924
2015-04-06,17.19949722290039,3718400,41.61680657076765
2015-04-07,17.303733825683594,5752800,39.06248927863206
2015-04-08,17.373226165771484,4441600,46.71253757283075
2015-04-09,17.401023864746094,3584900,54.72445752186283
2015-04-10,17.449670791625977,2606700,55.93879280791307
2015-04-13,17.685945510864258,4462600,61.85575664286065
2015-04-14,17.47052001953125,1860800,64.7482603922312
2015-04-15,17.790184020996094,3701300,77.39738710396033
2015-04-16,17.7137451171875,1971000,73.53972860631316
2015-04-17,17.456621170043945,1303800,60.95896784672607
2015-04-20,17.449670791625977,2630000,64.26005800513465
2015-04-21,17.401023864746094,3493900,67.16975503960111
2015-04-22,17.7137451171875,3562600,69.68647612708504
2015-04-23,17.817983627319336,2450300,68.47837977060142
2015-04-24,17.769336700439453,1918400,65.18515355933168
2015-04-27,17.70679473876953,4843500,60.9849209451648
2015-04-28,17.915267944335938,2557100,63.7323746291303
2015-04-29,18.130701065063477,3516600,66.88109222005022
2015-04-30,18.102903366088867,2700300,65.25975472609417
2015-05-01,18.12383270263672,2090700,61.373506223799154
2015-05-04,18.347070693969727,1626000,72.6751512531985
2015-05-05,18.305208206176758,2164100,65.55924210487497
2015-05-06,18.033143997192383,2614500,58.62928650713246
2015-05-07,18.102903366088867,2998300,69.42767043174129
2015-05-08,18.005233764648438,3298200,65.83682483827437
2015-05-11,18.186616897583008,4875100,70.81858664280912
2015-05-12,18.24242401123047,3526300,66.21868958511799
2015-05-13,18.29823112487793,3532400,65.18412381379686
2015-05-14,18.472640991210938,2561300,70.59846802196967
2015-05-15,18.08894920349121,2266900,59.42043976690454
2015-05-18,18.347070693969727,2182500,60.389992445778034
2015-05-19,18.73772621154785,3279800,63.47030958483871
2015-05-20,18.66098976135254,3430900,62.121058971881936
2015-05-21,18.72377586364746,5403600,62.79746478025139
2015-05-22,18.779582977294922,3185400,59.9356786385604
2015-05-26,18.62611198425293,5930200,57.012236800426784
2015-05-27,18.674938201904297,4423300,65.54032397362322
2015-05-28,18.7168025970459,3074900,65.06843671406394
2015-05-29,18.72377586364746,11662100,68.45879681667668
2015-06-01,18.80051040649414,4060500,66.66656310164802
2015-06-02,18.967937469482422,3798500,68.57136719337407
2015-06-03,19.267908096313477,6359400,72.06343144317817
2015-06-04,19.358598709106445,6119200,70.95695157175896
2015-06-05,19.7562313079834,7049800,89.1804404379638
2015-06-08,19.560897827148438,11994700,79.39178298311391
2015-06-09,19.588809967041016,8313400,75.00002801355856
2015-06-10,19.533002853393555,7645800,75.93368668968928
2015-06-11,19.19814682006836,10332600,62.14276995786524
2015-06-12,19.212099075317383,8410200,61.31381398611587
2015-06-15,19.470212936401367,6176000,70.9340652063265
2015-06-16,19.7073974609375,5020100,73.41758899709977
2015-06-17,19.470212936401367,6830800,65.69753579001917
2015-06-18,19.581832885742188,6168300,67.13085769860255
2015-06-19,19.665538787841797,29234700,67.22209901784169
2015-06-22,19.721349716186523,3695200,65.6975630537295
2015-06-23,19.665538787841797,5113400,59.22313860920947
2015-06-24,19.5678768157959,2675600,54.838607254427075
2015-06-25,19.100479125976562,5014800,35.31252269532935
2015-06-26,19.212099075317383,9588300,41.88325839654507
2015-06-29,18.786556243896484,3022500,34.246481964496795
2015-06-30,19.051647186279297,5524900,41.26571343729472
2015-07-01,19.1423397064209,2837700,48.88891926807428
2015-07-02,18.940032958984375,2158000,44.961259478481296
2015-07-06,18.842369079589844,3392000,37.63742929015616
2015-07-07,18.654014587402344,3582600,28.851668045216428
2015-07-08,18.584251403808594,3601900,30.931004160293213
2015-07-09,18.821435928344727,2196300,34.47286323538003
2015-07-10,19.044677734375,1767500,38.00566277455318
2015-07-13,19.009788513183594,2075200,36.14140953354587
2015-07-14,19.219078063964844,3363200,41.795110871195924
2015-07-15,19.393474578857422,2356000,46.88281750179489
2015-07-16,19.6097354888916,2239400,59.99994007459215
2015-07-17,19.470212936401367,3126700,55.01347784787148
2015-07-20,19.505090713500977,4131700,66.4534709525935
2015-07-21,18.64006233215332,10366900,42.60662860839242
2015-07-22,18.86329460144043,3829300,45.215295356579865
2015-07-23,18.451711654663086,3075000,42.18757914767377
2015-07-24,18.24242401123047,1993900,40.732755318860576
2015-07-27,18.095922470092773,2544300,41.26632484265409
2015-07-28,18.25636863708496,5631600,45.01052142743118
2015-07-29,18.137781143188477,59753900,39.207080294080804
2015-07-30,18.55096435546875,17805600,42.64669787736921
2015-07-31,18.256837844848633,9396400,39.58955587963049
2015-08-03,18.228822708129883,6981500,35.58600853436093
2015-08-04,18.396892547607422,5120700,35.46715189598797
2015-08-05,18.67000961303711,6478800,36.519800574243746
2015-08-06,18.663007736206055,4042000,37.9631483622
2015-08-07,18.698020935058594,8972800,37.96565377673647
2015-08-10,19.041173934936523,4443200,57.08347873184652
2015-08-11,18.796066284179688,4909300,48.8218758669559
2015-08-12,18.228822708129883,6983100,46.2961155139822
2015-08-13,18.347877502441406,4317400,51.806563595038035
2015-08-14,18.473922729492188,1998500,56.52137287072557
2015-08-17,18.403898239135742,1746200,52.62719198731578
2015-08-18,18.5999813079834,2415200,58.00973890325617
2015-08-19,18.389892578125,4323000,46.99733184660109
2015-08-20,17.73861312866211,3193800,41.47459595962765
2015-08-21,17.206382751464844,4203100,35.57307189443978
2015-08-24,16.12792205810547,8454800,24.528291382742182
2015-08-25,16.176939010620117,5607800,20.529708450669304
2015-08-26,16.94026756286621,6358500,32.72467569031524
2015-08-27,17.143356323242188,5251700,34.91848389216841
2015-08-28,17.290422439575195,3096500,32.344597885270986
2015-08-31,17.381458282470703,3553100,35.276912253285815
2015-09-01,16.59012222290039,5046600,33.70470219744912
2015-09-02,16.898258209228516,5658400,36.107359780881694
2015-09-03,17.15736961364746,3093800,37.69642410887918
2015-09-04,16.870243072509766,2295000,36.226440304017075
2015-09-08,17.24839973449707,3484900,38.2460172493526
2015-09-09,17.08733367919922,3949800,38.57492558567818
2015-09-10,17.115346908569336,2010800,43.862074509908524
2015-09-11,17.031314849853516,3544800,48.108999240187956
2015-09-14,17.094337463378906,2459300,63.37215378557472
2015-09-15,17.528520584106445,2882000,66.9002495621215
2015-09-16,17.42347526550293,3541400,57.23273923653976
2015-09-17,16.835227966308594,5433100,45.86469090901644
2015-09-18,16.632137298583984,11030900,41.29621531597373
2015-09-21,16.737184524536133,3422200,41.51291837416677
2015-09-22,16.52709197998047,2220000,49.01955548593211
2015-09-23,16.34501838684082,3662100,41.042995671220254
2015-09-24,16.27499008178711,3495100,34.78249428135911
2015-09-25,16.53409194946289,4083200,44.146157402732676
2015-09-28,15.84780216217041,5404800,27.973410307180487
2015-09-29,16.260974884033203,5979200,37.959009773420945
2015-09-30,16.70917320251465,5608500,44.727242924865834
2015-10-01,16.457059860229492,3214100,42.85700389658949
2015-10-02,16.394039154052734,7919400,41.289182403843824
2015-10-05,16.611129760742188,6639600,37.93736055824853
2015-10-06,16.359024047851562,3616500,36.52481738641643
2015-10-07,16.4150447845459,4528600,43.85238033047464
2015-10-08,16.471067428588867,4248700,47.53744269867376
2015-10-09,16.429048538208008,3644200,45.19640812928356
2015-10-12,16.49907875061035,1948800,49.54335500223239
2015-10-13,16.429048538208008,2278100,51.421712547897606
2015-10-14,16.043882369995117,2973500,46.46665562438835
2015-10-15,16.471067428588867,3083900,49.08353700410374
2015-10-16,16.260974884033203,4212300,56.97392570834178
2015-10-19,16.267980575561523,3846700,50.13703863720989
2015-10-20,16.380022048950195,4082200,42.58649872410623
2015-10-21,16.22596549987793,3909600,44.55450884510284
2015-10-22,16.01587677001953,9977700,41.666596614284295
2015-10-23,16.96127700805664,9488000,55.84111287171557
2015-10-26,16.52709197998047,4690000,52.64312264981774
2015-10-27,16.47807502746582,4038000,50.9934344223855
2015-10-28,16.933265686035156,5537400,56.47063095894845
2015-10-29,16.884241104125977,4366100,56.36007786066522
2015-10-30,17.017303466796875,50057600,57.115448777746295
2015-11-02,17.122352600097656,14762900,59.428692676149716
2015-11-03,17.171566009521484,6333800,66.87839684191835
2015-11-04,17.248920440673828,11116700,63.00417530010568
2015-11-05,17.305179595947266,10044600,68.40366066998436
2015-11-06,18.09273338317871,16322300,75.22121047553266
2015-11-09,18.191177368164062,10013800,75.12772025757337
2015-11-10,18.282588958740234,14272600,79.03806721507759
2015-11-11,18.345870971679688,6575500,84.3206710465098
2015-11-12,17.938034057617188,8336200,67.09479713986234
2015-11-13,17.95210075378418,9834200,79.23975807139665
2015-11-16,18.057571411132812,6910900,81.6758404639047
2015-11-17,18.001317977905273,4455500,75.49924545107635
2015-11-18,18.423227310180664,5740100,81.18934121681693
2015-11-19,18.36697006225586,3415400,78.23142930552697
2015-11-20,18.29665756225586,3096000,74.92554812611232
2015-11-23,18.09976577758789,4369400,68.53949706351166
2015-11-24,18.374000549316406,4961100,70.83339808458727
2015-11-25,18.465415954589844,4382200,71.20826493996957
2015-11-27,18.55682945251465,2250600,61.379367110392764
2015-11-30,18.725587844848633,9731800,62.666671488879224
2015-12-01,18.634172439575195,6003100,58.33326552109187
2015-12-02,18.732620239257812,10320000,59.01646342331062
2015-12-03,18.613079071044922,10031700,68.18167807480258
2015-12-04,19.070148468017578,5481300,74.31182463006297
2015-12-07,18.64121437072754,5337900,61.12610362212764
2015-12-08,18.570894241333008,4656400,60.80002546101066
2015-12-09,18.352907180786133,6760600,48.55486707348431
2015-12-10,18.49354362487793,3559700,52.51399611010804
2015-12-11,18.00835609436035,6501300,45.08395968374048
2015-12-14,18.085697174072266,5119800,49.74990947102599
2015-12-15,18.662302017211914,5445300,54.62752457606103
2015-12-16,18.922475814819336,9247000,56.959248359008946
2015-12-17,18.620119094848633,5395000,50.90548980825949
2015-12-18,18.212276458740234,10143900,43.12626014179485
2015-12-21,18.303686141967773,4147900,45.57445952062051
2015-12-22,18.4583797454834,5388300,46.382145263733186
2015-12-23,18.648239135742188,3890900,50.45539212537735
2015-12-24,18.704490661621094,1072600,44.71531447889709
2015-12-28,18.570894241333008,2238800,48.888837987587586
2015-12-29,18.71856117248535,2872000,52.277680496323704
2015-12-30,18.49354362487793,2062900,52.164544610156504
2015-12-31,18.41619110107422,2307000,48.78580970669617
2016-01-04,18.14195442199707,5598700,52.245800426305784
2016-01-05,18.057571411132812,6389300,49.528319992630195
2016-01-06,17.776304244995117,5418800,33.50777607516612
2016-01-07,17.291109085083008,4976700,21.980514587851417
2016-01-08,16.749666213989258,10583700,20.312299439338346
2016-01-11,16.805917739868164,6981400,24.87410421288297
2016-01-12,16.805917739868164,7081700,22.337461954683803
2016-01-13,16.3277645111084,8078100,14.849151575950344
2016-01-14,16.102739334106445,9374000,8.486091989276986
2016-01-15,15.694899559020996,12940800,5.967015429059231
2016-01-19,15.63161849975586,9794300,6.092369095723797
2016-01-20,15.188611030578613,11155900,1.5443307817035645
2016-01-21,14.998748779296875,9819600,1.559381217736501
2016-01-22,14.612008094787598,23182200,1.4362020607541979
2016-01-25,13.915863990783691,12599300,1.2965382928751268
2016-01-26,14.267454147338867,16250900,8.854957374751848
2016-01-27,14.91436767578125,33935400,21.216261840727114
2016-01-28,15.287059783935547,21317800,29.377727689180617
2016-01-29,14.942502975463867,94875300,30.618395498680385
2016-02-01,14.612008094787598,10617700,27.77779817070308
2016-02-02,14.279911994934082,12990500,26.026810563843668
2016-02-03,14.166861534118652,14336100,27.964785216388208
2016-02-04,14.294047355651855,9247700,31.180846556331417
2016-02-05,14.025552749633789,8105900,32.11200769461722
2016-02-08,13.566274642944336,10227000,29.59995885459017
2016-02-09,13.813576698303223,10511900,35.87216566930418
2016-02-10,13.326037406921387,10445600,33.80435828429144
2016-02-11,12.817298889160156,8392700,33.02418447683891
2016-02-12,13.347233772277832,9360800,44.4468266223594
2016-02-16,13.679326057434082,8897700,44.234456000934905
2016-02-17,13.884232521057129,9440400,38.94316211591134
2016-02-18,13.502681732177734,7980000,30.88393473065443
2016-02-19,13.594534873962402,4536100,34.732554223338
2016-02-22,13.990216255187988,4789700,43.0599002407761
2016-02-23,13.686388969421387,6184400,43.33335190077786
2016-02-24,13.424958229064941,5749500,41.93550995427155
2016-02-25,13.552144050598145,6750600,41.93550995427155
2016-02-26,13.947830200195312,11218600,49.17788834582234
2016-02-29,13.587475776672363,4248100,50.2290487517044
2016-03-01,14.322310447692871,7856800,54.97236075607668
2016-03-02,14.809844970703125,8907100,64.50274015786783
2016-03-03,15.149003028869629,8729100,73.57146892508304
2016-03-04,15.495226860046387,7150200,72.55196295137789
2016-03-07,15.212596893310547,6164000,66.26689241487243
2016-03-08,14.781585693359375,9761900,59.08443085248018
2016-03-09,14.626140594482422,5653000,61.9190867758795
2016-03-10,14.845175743103027,5182200,62.91974145384529
2016-03-11,15.481095314025879,5958900,64.67320786565787
2016-03-14,15.608278274536133,4860800,69.59658923056787
2016-03-15,15.678938865661621,5750100,73.91307691093559
2016-03-16,15.269124984741211,8255800,67.18531023637921
2016-03-17,15.353914260864258,7425100,65.0075364117397
2016-03-18,15.601217269897461,10236600,72.02475212308723
2016-03-21,15.54469108581543,3721900,65.69878484236166
2016-03-22,15.495226860046387,3745800,59.91822801042561
2016-03-23,15.325648307800293,3020100,52.68818733629321
2016-03-24,15.25499439239502,3906500,46.00944545197622
2016-03-28,15.113672256469727,3613000,48.275796727188585
2016-03-29,14.97943115234375,5997200,53.84623656312688
2016-03-30,15.014752388000488,6099700,57.92499234707075
2016-03-31,14.802786827087402,4954800,49.13305959279079
2016-04-01,15.085417747497559,4556800,40.54060832229847
2016-04-04,15.198464393615723,4721700,40.13598227914931
2016-04-05,14.668536186218262,6993200,30.08340470456072
2016-04-06,15.078352928161621,6861700,46.23959275210025
2016-04-07,14.689729690551758,6302300,38.30834562741447
2016-04-08,14.746258735656738,5449600,33.86656214446164
2016-04-11,14.866374015808105,2854300,37.499855010571046
2016-04-12,15.198464393615723,4149300,45.047128818771306
2016-04-13,15.968637466430664,6202600,58.93920144973999
2016-04-14,16.124080657958984,5943800,61.80423811296539
2016-04-15,15.933303833007812,5015500,60.98495267290468
2016-04-18,16.053424835205078,3604600,64.44867720197337
2016-04-19,16.321924209594727,8795800,66.54748633567081
2016-04-20,16.505632400512695,7534500,71.71164931457811
2016-04-21,16.62575340270996,8222300,70.48867855070633
2016-04-22,16.689340591430664,5180600,70.0952020540259
2016-04-25,16.519760131835938,3325900,77.63693183840542
2016-04-26,16.63987922668457,4065900,75.51941099184721
2016-04-27,16.689340591430664,4806500,86.75315551305046
2016-04-28,16.420841217041016,3265900,78.55411929808585
2016-04-29,16.14527702331543,5315000,70.70933847272862
2016-05-02,16.37967872619629,3123000,69.75237784187227
2016-05-03,15.98901081085205,3869200,50.39021159430561
2016-05-04,15.619648933410645,5202100,41.07032820323391
2016-05-05,15.704893112182617,4871200,45.79963185002378
2016-05-06,15.690682411193848,3713900,43.058960414342266
2016-05-09,15.5202054977417,2712400,34.061284564948906
2016-05-10,15.882467269897461,10159300,38.432304206203085
2016-05-11,15.768817901611328,3672600,34.05455821840749
2016-05-12,15.456277847290039,5748800,29.00125379223428
2016-05-13,15.200567245483398,6519600,28.1747341568596
2016-05-16,15.420762062072754,4284700,30.47691278107439
2016-05-17,15.498902320861816,4167700,31.109693966343045
2016-05-18,16.42939567565918,9873100,50.11217733072478
2016-05-19,16.26603126525879,4818800,51.63149751422761
2016-05-20,16.322858810424805,3933200,49.1936191153685
2016-05-23,16.31574821472168,2941400,55.20351022677049
2016-05-24,16.514638900756836,3165600,65.07166091240188
2016-05-25,16.827178955078125,6771500,67.55540505060148
2016-05-26,16.585670471191406,4663400,63.0704461452711
2016-05-27,16.756141662597656,3513500,68.04969787017484
2016-05-31,16.72772979736328,6726900,63.678036609252125
2016-06-01,16.763246536254883,3952200,66.50931058657676
2016-06-02,16.926618576049805,3508100,75.68233517812476
2016-06-03,16.436511993408203,7799800,69.95423395925215
2016-06-06,16.67090606689453,5449800,70.09136262270961
2016-06-07,16.678007125854492,3722500,69.39247784903938
2016-06-08,16.663803100585938,3343100,55.51853491669907
2016-06-09,16.2518253326416,4449100,49.7006040979613
2016-06-10,15.953496932983398,4677600,42.93475009011612
2016-06-13,15.683579444885254,5179700,39.012412145145284
2016-06-14,15.13664436340332,8924700,28.634318241502413
2016-06-15,15.172160148620605,6084900,21.927523276816743
2016-06-16,14.873830795288086,4987500,21.512842910340225
2016-06-17,14.987478256225586,9968000,19.999851178344002
2016-06-20,15.13664436340332,6019400,24.073990044654835
2016-06-21,15.30711841583252,6220000,27.272637962585605
2016-06-22,15.17926025390625,4140200,22.42135538053887
2016-06-23,15.711993217468262,5342800,38.716705791912695
2016-06-24,14.170629501342773,21596300,22.3270823956786
2016-06-27,13.09805965423584,13059000,17.938970872469625
2016-06-28,13.474525451660156,23334900,23.17807920334677
2016-06-29,13.865190505981445,8301000,29.85611742425462
2016-06-30,14.191935539245605,10744100,35.20289659793298
2016-07-01,13.95753288269043,5723900,35.414194922254595
2016-07-05,13.424802780151367,5693200,35.49942046022599
2016-07-06,13.488727569580078,7896000,35.8083690413998
2016-07-07,13.79416275024414,8140400,40.909101129117275
2016-07-08,14.099597930908203,8867100,42.757872209477114
2016-07-11,14.291375160217285,4953400,43.153031347321615
2016-07-12,14.518674850463867,6519500,43.67159853674331
2016-07-13,14.603914260864258,3949200,45.3502033814909
2016-07-14,14.909347534179688,4670500,43.265815593757374
2016-07-15,14.902239799499512,5157300,58.266351535960474
2016-07-18,14.902239799499512,8284900,76.90668805752776
2016-07-19,14.937758445739746,5204800,74.29236313616387
2016-07-20,15.143746376037598,8471000,72.61300319832625
2016-07-21,15.399457931518555,12955900,71.90712829153054
2016-07-22,15.48469066619873,6390700,79.29143361369808
2016-07-25,15.648061752319336,5910700,99.6823322515666
2016-07-26,15.974802017211914,6197800,99.71572357941889
2016-07-27,16.038732528686523,8846600,99.68532932968772
2016-07-28,15.94639778137207,6201300,95.13891478823862
2016-07-29,15.86115837097168,4011700,90.47612724464096
2016-08-01,15.854015350341797,4848100,88.84083812854648
2016-08-02,15.746892929077148,5918500,82.82773778128865
2016-08-03,16.03969955444336,4841300,82.7022764620643
2016-08-04,16.14681053161621,5901700,84.03721533870372
2016-08-05,16.70384979248047,7331000,87.7650223476575
2016-08-08,16.746694564819336,5396500,87.80248553215252
2016-08-09,16.775259017944336,5153000,86.82553834880964
2016-08-10,16.60386848449707,3478400,78.26099410127193
2016-08-11,16.710988998413086,3691000,78.48202146694481
2016-08-12,16.618148803710938,3080100,73.29445161479435
2016-08-15,16.810972213745117,4491000,71.45884974292103
2016-08-16,16.70384979248047,4756500,66.69887876979774
2016-08-17,16.73955535888672,4241700,70.49636692884977
2016-08-18,16.70384979248047,3797000,72.34852968402396
2016-08-19,16.83953285217285,2948800,74.46813145390504
2016-08-22,16.78240203857422,3139100,76.36374937721132
2016-08-23,16.803829193115234,4698200,72.57387627597305
2016-08-24,16.775259017944336,4032600,69.46905164834126
2016-08-25,16.882381439208984,2293600,57.66854880730397
2016-08-26,17.225173950195312,6155000,66.34152251884876
2016-08-29,17.467987060546875,6644600,70.63843570466595
2016-08-30,17.660799026489258,4555300,81.0922483717047
2016-08-31,17.689363479614258,6701900,80.17601449531138
2016-09-01,17.510833740234375,4631200,76.1507996817365
2016-09-02,17.625097274780273,4892100,75.00011714155855
2016-09-06,17.353715896606445,4998300,68.12735226173591
2016-09-07,17.54653549194336,3645400,70.69587931439305
2016-09-08,17.796489715576172,4293800,75.24742438879917
2016-09-09,17.717931747436523,7103200,70.84735880521993
2016-09-12,17.903610229492188,6584000,75.07973998535753
2016-09-13,17.582242965698242,6656600,65.35195521479639
2016-09-14,17.425132751464844,4671200,62.198397371867436
2016-09-15,17.48226547241211,5107800,61.47542419138745
2016-09-16,17.210887908935547,8753900,49.71904000960291
2016-09-19,17.275161743164062,4027900,45.921324851289896
2016-09-20,17.260883331298828,4080300,40.84982294991538
2016-09-21,17.360864639282227,3832600,42.72171905162767
2016-09-22,17.310871124267578,4438100,45.30200560328525
2016-09-23,17.432275772094727,4935700,45.48493190819621
2016-09-26,17.110912322998047,4708100,44.44459961090072
2016-09-27,17.360864639282227,3868500,45.86004489328277
2016-09-28,17.432275772094727,8700300,41.17648689686147
2016-09-29,17.175182342529297,5070200,37.898123032509886
2016-09-30,17.646514892578125,6661500,44.91519029935764
2016-10-03,17.56797218322754,3174200,49.68776291013982
2016-10-04,17.84647560119629,5959300,58.75375364665435
2016-10-05,18.26068115234375,5297800,64.08278363706381
2016-10-06,18.34637451171875,3921100,72.02237298669014
2016-10-07,18.210693359375,4944000,67.65529117365024
2016-10-10,18.239255905151367,3131200,68.36477136271559
2016-10-11,17.825054168701172,7271500,57.79379862537541
2016-10-12,18.032155990600586,4079400,61.50356306531303
2016-10-13,17.510833740234375,4791900,51.11115547543599
2016-10-14,17.703649520874023,3596500,58.70029592176691
2016-10-17,17.553680419921875,3493800,52.91576412223648
2016-10-18,17.746498107910156,3373900,54.58338271633791
2016-10-19,18.067861557006836,3578900,62.78136167828134
2016-10-20,18.246400833129883,6624300,59.375210523648704
2016-10-21,18.546342849731445,4308400,64.30065761814433
2016-10-24,18.817716598510742,5127100,64.22609548841596
2016-10-25,18.89626693725586,4255900,60.32487587716363
2016-10-26,19.189071655273438,4994900,62.82626240340008
2016-10-27,19.189071655273438,5738000,65.532948072099
2016-10-28,18.817716598510742,7858900,58.28228364691387
2016-10-31,18.89662742614746,5903400,66.97210512673803
2016-11-01,19.255338668823242,7868800,68.48559374700939
2016-11-02,18.724449157714844,7557200,68.28812205034461
2016-11-03,18.846410751342773,4931000,67.59616367355042
2016-11-04,18.946849822998047,3643500,71.78421157486993
2016-11-07,19.6212158203125,5132500,75.47719915975622
2016-11-08,19.334251403808594,5125100,67.37251881153094
2016-11-09,20.23101806640625,12784900,72.74353908896532
2016-11-10,21.235395431518555,12026100,76.53249343010087
2016-11-11,21.414749145507812,16252800,76.09846624720296
2016-11-14,22.15367889404297,14672000,78.89913286796593
2016-11-15,22.196727752685547,10089900,77.92067153613466
2016-11-16,22.04607391357422,7471500,75.80045748301663
2016-11-17,22.763479232788086,9743700,83.53655808343628
2016-11-18,22.93566131591797,8228300,83.7935114297943
2016-11-21,22.906963348388672,4587300,82.33794988022562
2016-11-22,22.89978790283203,8293900,90.75630815334685
2016-11-23,23.24415397644043,5667700,91.1409561712041
2016-11-25,23.287189483642578,1507000,91.04477504256731
2016-11-28,22.799352645874023,5531000,81.15335500890893
2016-11-29,23.236976623535156,5712900,87.15852472365627
2016-11-30,24.040477752685547,7345100,86.9263371661337
2016-12-01,24.664623260498047,7613600,85.8859292821429
2016-12-02,24.499618530273438,5881800,82.37955365000708
2016-12-05,24.499618530273438,6612000,79.1444440758451
2016-12-06,24.894197463989258,4585300,80.8197200741111
2016-12-07,25.1524658203125,6267200,84.64000129316909
2016-12-08,25.496822357177734,6598600,83.2460958905063
2016-12-09,25.475303649902344,4745900,82.06530272541009
2016-12-12,25.11659049987793,4836100,75.75248048136699
2016-12-13,24.9659366607666,6048200,73.30101076152351
2016-12-14,24.84398078918457,7098400,68.99493540856878
2016-12-15,25.39638328552246,6350200,72.34050376313218
2016-12-16,25.338985443115234,13133400,79.59861447703443
2016-12-19,25.374866485595703,5258300,77.4907658574631
2016-12-20,25.884225845336914,3430700,75.64867611433787
2016-12-21,25.841171264648438,2900300,69.52358465484544
2016-12-22,25.826828002929688,3788100,73.18282796918373
2016-12-23,26.063581466674805,1896100,75.23141523780335
2016-12-27,26.15683937072754,1935800,72.56396762182378
2016-12-28,25.826828002929688,2837800,61.749864409303115
2016-12-29,25.31028938293457,3783600,46.933880778855794
2016-12-30,25.561391830444336,3394300,51.31575955488935
2017-01-03,25.72639274597168,5045900,59.90674314951339
2017-01-04,25.948793411254883,4354900,65.60357649840361
2017-01-05,25.625959396362305,3725200,61.67014509189077
2017-01-06,25.762264251708984,3623500,56.23467957022518
2017-01-09,25.597261428833008,3035600,54.245383285584495
2017-01-10,26.027706146240234,3730400,59.49886438566928
2017-01-11,26.020532608032227,4273300,52.32270612294247
2017-01-12,25.769439697265625,3961600,48.85859965401075
2017-01-13,26.034883499145508,5200800,53.065624790975654
2017-01-17,24.478097915649414,8472300,33.18108463338912
2017-01-18,25.102243423461914,6386100,39.94527760178708
2017-01-19,24.91571617126465,5737300,41.06892790489577
2017-01-20,25.697690963745117,8164500,53.609622627292026
2017-01-23,25.74791717529297,4893700,51.80554145195864
2017-01-24,26.042049407958984,6052500,52.98099276002157
2017-01-25,26.917299270629883,5714200,58.142347403145095
2017-01-26,26.931650161743164,4795700,61.57762320456341
2017-01-27,26.53707504272461,4278600,56.56939406014376
2017-01-30,26.20705223083496,4981900,55.02949680805208
2017-01-31,26.048625946044922,4774900,50.18065061893589
2017-02-01,26.279077529907227,4795900,52.14973819731054
2017-02-02,25.95499610900879,4355900,51.52435441549622
2017-02-03,26.495132446289062,3873300,53.61769165656435
2017-02-06,26.264671325683594,4633600,67.74238397675464
2017-02-07,26.351091384887695,3815800,63.885234262272974
2017-02-08,25.45807647705078,8451800,55.21147153102199
2017-02-09,26.099035263061523,5731000,53.96388834049427
2017-02-10,26.228662490844727,3283800,54.67477495890893
2017-02-13,26.58875274658203,3506200,55.248822343212886
2017-02-14,27.352128982543945,5148600,54.26638839899273
2017-02-15,27.633005142211914,3840400,56.539418048133676
2017-02-16,27.546571731567383,2756900,59.98636200168381
2017-02-17,27.25130844116211,5495900,60.401751702780494
2017-02-21,27.402542114257812,4622400,63.50560169622452
2017-02-22,27.12887191772461,5247700,58.404414375089836
2017-02-23,26.826406478881836,5960200,58.655201418568694
2017-02-24,26.39430046081543,7559300,48.976532162232374
2017-02-27,26.783199310302734,4015400,55.09917065184934
2017-02-28,26.912826538085938,4450200,55.47751957419409
2017-03-01,28.511606216430664,7133700,76.17278400201414
2017-03-02,27.402542114257812,5930200,60.342810581852994
2017-03-03,27.58978843688965,4489400,60.70213820209621
2017-03-06,27.56098175048828,2723000,58.06447938315264
2017-03-07,27.34493637084961,2628300,49.93438016488658
2017-03-08,27.258508682250977,3445600,46.45770294094512
2017-03-09,27.172090530395508,2948900,46.45783704635973
2017-03-10,27.107275009155273,4473000,48.57550744305142
2017-03-13,26.912826538085938,4176300,45.197755541008135
2017-03-14,26.783199310302734,3378100,46.511723697227964
2017-03-15,26.48792266845703,5340000,46.57930477751979
2017-03-16,26.718385696411133,3363700,53.41433831596766
2017-03-17,26.372703552246094,13510100,45.63555733651744
2017-03-20,26.091840744018555,5881900,41.54314062576747
2017-03-21,24.745105743408203,7594800,9.076851087004712
2017-03-22,24.79551887512207,7066700,13.211601701680522
2017-03-23,24.896343231201172,4736700,11.04187139252575
2017-03-24,24.853132247924805,4923000,10.996052056804231
2017-03-27,24.658689498901367,5075300,11.064912316592483
2017-03-28,25.227624893188477,4379400,24.17594837362762
2017-03-29,24.83873748779297,11159000,22.449117474707947
2017-03-30,25.119598388671875,5519000,27.669918099212623
2017-03-31,24.881938934326172,5060900,27.403857580871346
2017-04-03,25.076387405395508,5149400,31.27963037112255
2017-04-04,25.13400650024414,4645400,34.333463401887116
2017-04-05,24.7595157623291,4949100,28.06452329447788
2017-04-06,25.14840316772461,3104300,36.42164021871388
2017-04-07,24.93955421447754,3748100,37.012872547164946
2017-04-10,24.7595157623291,3944900,50.220365827691715
2017-04-11,24.7595157623291,4157600,49.44079859506424
2017-04-12,24.291399002075195,4051800,41.566245517411566
2017-04-13,23.938518524169922,3882500,38.262494449712555
2017-04-17,24.428232192993164,3349500,47.2508229829069
2017-04-18,24.26979637145996,4819000,37.333284904105085
2017-04-19,24.644290924072266,7394200,47.41873311159816
2017-04-20,25.400466918945312,5212300,53.31071571497305
2017-04-21,25.13400650024414,7131100,52.95118868438565
2017-04-24,25.81816864013672,7965300,57.791288578605254
2017-04-25,26.250272750854492,7075100,60.869597517791746
2017-04-26,26.502330780029297,5828300,67.38511580792327
2017-04-27,26.480728149414062,7426000,64.34121195746349
2017-04-28,26.437517166137695,7819500,66.72037415840758
2017-05-01,26.84235191345215,4659400,72.13781157987692
2017-05-02,26.63270378112793,3858200,69.06010096658073
2017-05-03,26.900190353393555,3536900,77.67497197615646
2017-05-04,26.99417495727539,3838600,84.29951690821255
2017-05-05,26.726686477661133,3105300,77.15470619199735
2017-05-08,27.008628845214844,2760600,81.43997001248458
2017-05-09,26.878503799438477,2615900,77.17171492235897
2017-05-10,26.900190353393555,2499400,72.20631570147756
2017-05-11,26.748371124267578,2632200,74.74384730703476
2017-05-12,26.495349884033203,3345100,61.9600529824169
2017-05-15,26.76283073425293,3529900,59.611461304933776
2017-05-16,26.80620765686035,3486200,56.18211830845131
2017-05-17,24.99165916442871,9944800,32.48423762893374
2017-05-18,24.912134170532227,6107700,32.20907045095983
2017-05-19,24.99165916442871,5270200,26.642449628078282
2017-05-22,24.99165916442871,4214500,28.131128840231526
2017-05-23,25.367584228515625,4377600,30.14989720783781
2017-05-24,25.0350284576416,4131700,26.10225739821047
2017-05-25,24.99165916442871,3954000,27.611977766883058
2017-05-26,25.042259216308594,4866800,23.01580820343051
2017-05-30,24.760318756103516,6637400,22.095173099334673
2017-05-31,24.651880264282227,5854200,21.042797511192163
2017-06-01,24.941055297851562,4073700,27.518048597158725
2017-06-02,24.673574447631836,5804100,27.41941051005061
2017-06-05,24.56513023376465,4939900,21.641876266879834
2017-06-06,24.478376388549805,3277100,20.295252707967833
2017-06-07,24.95551300048828,3642000,49.29972899648885
2017-06-08,25.750734329223633,5832400,62.71929875314607
2017-06-09,26.271242141723633,4730700,67.11794328499576
2017-06-12,26.466432571411133,6392400,68.74995150076046
2017-06-13,26.661617279052734,3774500,67.24458194891233
2017-06-14,26.444746017456055,5384300,69.38387894733529
2017-06-15,26.53872299194336,3167800,70.980424819543
2017-06-16,26.292926788330078,5086300,66.10805621446553
2017-06-19,26.423057556152344,3136800,72.2868803674896
2017-06-20,25.982067108154297,3048600,66.37007777536267
2017-06-21,25.447107315063477,3832900,55.8725189477864
2017-06-22,25.288053512573242,4440900,57.314846938682834
2017-06-23,24.933828353881836,11276100,54.14640340731639
2017-06-26,25.056718826293945,6672300,56.45163898499104
2017-06-27,25.186845779418945,3570900,52.7971671547516
2017-06-28,25.54831314086914,5225300,47.265592591924595
2017-06-29,25.77242088317871,5573700,42.67510500306411
2017-06-30,25.794111251831055,3281200,39.597290083589996
2017-07-03,26.41583251953125,2328700,46.640456761477694
2017-07-05,26.661617279052734,5212900,52.941088220489405
2017-07-06,26.459199905395508,4151200,48.952365062318364
2017-07-07,26.798982620239258,4086600,56.505662438901915
2017-07-10,26.78452491760254,4071800,54.789327028197725
2017-07-11,26.553180694580078,3533100,58.01218894795936
2017-07-12,26.401365280151367,3105300,64.9998800743539
2017-07-13,26.639936447143555,2895600,70.73184001310409
2017-07-14,26.19894790649414,3606500,68.89836849150284
2017-07-17,26.090503692626953,2914000,65.50962768377588
2017-07-18,25.729049682617188,3338400,57.60657652011921
2017-07-19,25.49770736694336,3632200,49.26314900764512
2017-07-20,25.483247756958008,4893500,45.515685782703756
2017-07-21,24.926589965820312,6953200,38.461483821048496
2017-07-24,25.62783432006836,4736300,39.73630366020775
2017-07-25,25.917001724243164,5392500,40.4097450921531
2017-07-26,25.4254150390625,4156400,37.60840907355425
2017-07-27,25.331430435180664,5039600,31.307534806340996
2017-07-28,25.259138107299805,2786000,30.852978130877645
2017-07-31,25.491682052612305,3430400,36.67982573922251
2017-08-01,25.593414306640625,3066300,39.73240191099939
2017-08-02,25.88408088684082,3555500,40.51996356169155
2017-08-03,25.593414306640625,4182500,42.10772556600322
2017-08-04,25.88408088684082,3751300,47.431571462949364
2017-08-07,25.68787384033203,4100800,49.46569540777231
2017-08-08,25.680612564086914,3549400,52.519954401951324
2017-08-09,25.455339431762695,2555100,49.63660567046154
2017-08-10,24.496131896972656,4239900,44.92683514574526
2017-08-11,24.263599395751953,4223700,31.924862222473806
2017-08-14,24.86673927307129,3061800,37.15357294168809
2017-08-15,24.699607849121094,3188800,40.356786629472246
2017-08-16,24.670536041259766,2988900,41.06511371964129
2017-08-17,23.842132568359375,4202300,34.09468781725779
2017-08-18,24.02379608154297,3972300,33.33320339384616
2017-08-21,23.762195587158203,6705200,29.93621122602174
2017-08-22,24.285398483276367,4825300,33.33326705110359
2017-08-23,24.343534469604492,3893900,36.30568083835613
2017-08-24,24.70686912536621,5454400,37.30403680277914
2017-08-25,24.597864151000977,2763500,38.01914240322822
2017-08-28,24.321733474731445,5160400,35.89740341386863
2017-08-29,24.20546531677246,4448500,36.72839481169257
2017-08-30,24.263599395751953,3180800,46.94659279889399
2017-08-31,24.074665069580078,3633600,47.49034964241232
2017-09-01,24.4234676361084,2883500,43.68526364069133
2017-09-05,23.725866317749023,3952300,37.94960522122954
2017-09-06,23.81306266784668,3997100,39.538959645821826
2017-09-07,23.311660766601562,5217000,42.9671988048385
2017-09-08,23.842132568359375,5447300,47.79546353038772
2017-09-11,24.314464569091797,4412800,56.37583863060441
2017-09-12,25.0556697845459,5623500,58.466466132374435
2017-09-13,25.208274841308594,4051100,59.31145360570238
2017-09-14,25.27367401123047,5508000,56.521763939310546
2017-09-15,25.549816131591797,6791100,60.54765281085753
2017-09-18,25.86228370666504,3552400,66.93298772393402
2017-09-19,26.02940559387207,4242300,69.82623356504403
2017-09-20,26.007614135742188,8886700,69.10841629140833
2017-09-21,26.356414794921875,4440000,74.1539902842444
2017-09-22,26.414552688598633,2597000,72.45918456039979
2017-09-25,26.494483947753906,3923700,86.28590398472923
2017-09-26,26.75609016418457,4179900,86.88545908829691
2017-09-27,27.0467586517334,4290400,99.42330513543622
2017-09-28,26.93775749206543,3760500,96.10412778492682
2017-09-29,27.519092559814453,5707400,96.22664246951787
2017-10-02,27.0467586517334,9024100,81.13662719945023
2017-10-03,26.770618438720703,6926000,73.523056741271
2017-10-04,26.574420928955078,11398200,68.8422542869647
2017-10-05,26.981351852416992,4741800,69.97976300191189
2017-10-06,27.242963790893555,5049600,69.54746756823901
2017-10-09,27.112157821655273,3696900,65.48872057363005
2017-10-10,27.47549057006836,3643500,69.12874588761417
2017-10-11,27.213891983032227,4005400,61.43415160688279
2017-10-12,27.00315284729004,2885500,57.54183745589947
2017-10-13,26.872350692749023,3742600,54.77936759522621
2017-10-16,26.92322540283203,3366100,52.23301178697516
2017-10-17,26.65435791015625,3307700,44.72660665593179
2017-10-18,27.017690658569336,5668700,51.005473144356465
2017-10-19,27.19934844970703,4632100,45.52833687570954
2017-10-20,27.853363037109375,6990200,60.734954188478355
2017-10-23,27.97689437866211,8428400,66.73385581762088
2017-10-24,27.88242530822754,6312000,68.67207048746022
2017-10-25,27.635351181030273,5422700,59.782464805448534
2017-10-26,27.98416519165039,4599900,60.80495455892714
2017-10-27,27.940561294555664,2464200,62.391186754797594
2017-10-30,27.671688079833984,3720600,53.02004674049629
2017-10-31,27.752002716064453,3200500,58.772679923506274
2017-11-01,28.014848709106445,5282100,66.2178788645956
2017-11-02,28.284997940063477,3353100,71.67685582362417
2017-11-03,28.34341049194336,2949500,71.74222567955223
2017-11-06,28.270402908325195,2233700,76.31908708717664
2017-11-07,27.503759384155273,4868900,56.9969929733541
2017-11-08,27.240922927856445,5045800,50.58479987164827
2017-11-09,26.875864028930664,4777100,35.03355171590057
2017-11-10,26.78094482421875,3615000,31.527011452261817
2017-11-13,27.16061019897461,4689000,39.753403041279455
2017-11-14,27.795814514160156,4903500,52.05177770005985
2017-11-15,27.846927642822266,4191000,48.10059617711719
2017-11-16,27.686304092407227,3584300,46.59142281453601
2017-11-17,27.86882781982422,2096800,52.70549716566465
2017-11-20,27.927234649658203,4023700,52.41938796900133
2017-11-21,27.67169189453125,4695300,45.2525367670924
2017-11-22,27.620590209960938,2848200,40.21507998083135
2017-11-24,27.562175750732422,807200,38.49454210416912
2017-11-27,27.47455596923828,2299800,38.32957327800561
2017-11-28,28.3142032623291,5322100,61.63535652594903
2017-11-29,29.69413185119629,8737000,76.66665008019558
2017-11-30,29.71604347229004,13191000,83.36189158379995
2017-12-01,29.7087345123291,6694600,85.11371086435263
2017-12-04,30.555679321289062,6494500,86.61406017561643
2017-12-05,29.85475730895996,6205600,71.89428717345034
2017-12-06,29.664936065673828,4265200,68.77829569767488
2017-12-07,30.249032974243164,4692200,74.34114796199354
2017-12-08,30.475374221801758,3200200,74.55296136259511
2017-12-11,30.24173355102539,3258300,71.10520460915862
2017-12-12,30.606792449951172,4219300,76.2401883080919
2017-12-13,30.183330535888672,3995200,71.48105159491469
2017-12-14,29.84015464782715,3637700,68.22418155622499
2017-12-15,30.446163177490234,9186200,71.9524917698129
2017-12-18,30.687105178833008,4445900,69.23071215608101
2017-12-19,30.723613739013672,5364800,60.665678900710546
2017-12-20,30.614089965820312,2521100,59.138087036720044
2017-12-21,31.103271484375,4102100,62.92284214541319
2017-12-22,31.12517738342285,3620200,56.23002914904404
2017-12-26,31.044864654541016,2408400,65.06472705218485
2017-12-27,30.92804527282715,2345900,66.28986846254624
2017-12-28,30.986461639404297,1459900,61.00213711088789
2017-12-29,30.65060043334961,2644600,52.53157266742538
2018-01-02,31.161684036254883,5073100,62.30452695893976
2018-01-03,31.519445419311523,6281200,62.23079711200711
2018-01-04,31.89181137084961,6740100,73.21389512312692
2018-01-05,32.0378303527832,7315600,81.55123133635607
2018-01-08,32.16925048828125,4725700,78.64058709472064
2018-01-09,32.2641716003418,5434900,77.55085584429865
2018-01-10,32.78255844116211,2914700,80.78585085169587
2018-01-11,33.074615478515625,3292500,84.88610574458005
2018-01-12,33.23523712158203,2267300,83.33329357145925
2018-01-16,33.038108825683594,2981700,78.35506060169125
2018-01-17,33.468868255615234,3730300,82.5490075553848
2018-01-18,33.410465240478516,6065000,83.86468105346366
2018-01-19,34.18440246582031,7826200,86.50012495852857
2018-01-22,34.90721893310547,4196100,94.64034392179988
2018-01-23,34.951026916503906,3885900,94.05797172156578
2018-01-24,34.59326171875,7287100,85.73864803142656
2018-01-25,34.07487869262695,5613200,74.54856023143365
2018-01-26,34.27931213378906,3979400,74.87859011259894
2018-01-29,34.13328552246094,4266900,71.72870809439323
2018-01-30,33.70981979370117,3727500,64.90976274557941
2018-01-31,33.673133850097656,4150500,60.19830560450534
2018-02-01,34.340721130371094,6742900,63.35041511133994
2018-02-02,33.76117706298828,6066600,55.09558283278807
2018-02-05,32.044498443603516,5846100,42.563123893972076
2018-02-06,32.71943283081055,8299800,44.5884989488808
2018-02-07,32.895503997802734,6545800,46.34371475590638
2018-02-08,30.951412200927734,4709300,30.316150618519202
2018-02-09,31.58232307434082,6874600,29.52747684572421
2018-02-12,32.249916076660156,4381000,34.55479201058182
2018-02-13,32.56536865234375,3437700,38.34793129750914
2018-02-14,33.63645553588867,6307600,47.63131340611073
2018-02-15,33.76117706298828,3042700,47.17632961517289
2018-02-16,33.69514083862305,2791500,47.59125110153962
2018-02-20,33.812522888183594,4780700,50.584285512766265
2018-02-21,33.966575622558594,4491000,51.64741216400278
2018-02-22,33.3430061340332,2471100,44.37090454223205
2018-02-23,34.06195068359375,2388600,51.67068130810071
2018-02-26,32.6754035949707,14458500,53.63785295672884
2018-02-27,32.09585952758789,13968100,46.364429743949245
2018-02-28,31.905109405517578,8098700,44.235646954967955
2018-03-01,31.934463500976562,7400900,57.36263748822182
2018-03-02,32.41130447387695,5850800,56.355391287385494
2018-03-05,32.91017532348633,5293300,55.19631136737957
2018-03-06,33.24763488769531,3843500,55.35097324692887
2018-03-07,33.33567428588867,3468200,47.21091467340167
2018-03-08,33.17428207397461,3957400,44.5945993424321
2018-03-09,33.93724060058594,4264300,51.97609690269813
2018-03-12,33.856536865234375,3581800,50.36142042172608
2018-03-13,33.548423767089844,3044800,46.65108139617301
2018-03-14,33.108245849609375,5014600,48.06293684722756
2018-03-15,32.98352813720703,3121300,40.13421835085222
2018-03-16,32.917503356933594,6372100,52.92042044114845
2018-03-19,32.946842193603516,3169200,61.836492136596135
2018-03-20,32.84414291381836,2063900,63.389168220456064
2018-03-21,32.95418930053711,3601000,64.21266871612518
2018-03-22,31.50896644592285,5413800,40.09674557563157
2018-03-23,30.276477813720703,5167300,25.103924764528557
2018-03-26,31.633678436279297,6224800,37.20934591531889
2018-03-27,30.511245727539062,5434300,30.769238760993815
2018-03-28,30.481889724731445,5276000,31.332597880976806
2018-03-29,30.7973575592041,6672900,26.789713950876404
2018-04-02,30.151752471923828,4659700,24.72479798045518
2018-04-03,30.67262840270996,3581100,30.933922846212155
2018-04-04,31.376914978027344,4959200,38.909919393383156
2018-04-05,31.5603084564209,5229400,40.95154988890993
2018-04-06,30.430543899536133,5383200,36.07241456144357
2018-04-09,30.621280670166016,4324100,37.20753674912224
2018-04-10,31.32554817199707,3645700,42.16503957625256
2018-04-11,30.944068908691406,3161900,39.91164521773758
2018-04-12,31.72171401977539,3777700,51.14441943037275
2018-04-13,31.017419815063477,3787200,54.225837956404796
2018-04-16,31.08345603942871,2919100,46.31989833109192
2018-04-17,30.291156768798828,7108300,48.45994879219625
2018-04-18,30.10041046142578,6786900,47.38959502928671
2018-04-19,30.709318161010742,5860700,49.420819189884675
2018-04-20,30.7973575592041,5391500,54.58345847638459
2018-04-23,31.186159133911133,5521100,53.71547661236102
2018-04-24,31.01009750366211,5980600,47.12636876937614
2018-04-25,31.193498611450195,3772900,47.126431972669174
2018-04-26,30.7973575592041,3832100,53.246795343642084
2018-04-27,31.156824111938477,3442000,54.6027970968735
2018-04-30,30.437875747680664,2836100,42.3899891032341
2018-05-01,30.201862335205078,7339300,43.4743060758901
2018-05-02,30.246112823486328,5698600,35.10519011849003
2018-05-03,29.803598403930664,4179900,37.06396223377527
2018-05-04,30.2608585357666,2738900,41.90810986469174
2018-05-07,30.29036521911621,2592900,49.99083867008395
2018-05-08,30.474748611450195,3656400,54.338949221774314
2018-05-09,31.101648330688477,3177000,54.52860612614771
2018-05-10,31.24178695678711,2610300,55.0690120420281
2018-05-11,31.271286010742188,2430200,51.05761214868893
2018-05-14,31.227027893066406,2365800,52.786387872718024
2018-05-15,31.50729751586914,3501100,53.93276100040494
2018-05-16,31.37453842163086,2906000,57.74496630553572
2018-05-17,31.34503936767578,3580400,52.77096822564694
2018-05-18,30.651763916015625,3456700,53.172918528209905
2018-05-21,30.8951416015625,3850000,60.2620119390984
2018-05-22,31.11639976501465,3424500,62.240669688822415
2018-05-23,30.821388244628906,6262900,64.9350082313764
2018-05-24,30.637001037597656,4452900,55.99999513202259
2018-05-25,30.614866256713867,3597000,55.188444479142774
2018-05-29,29.06607437133789,6899700,34.31865269902258
2018-05-30,29.825721740722656,4363100,36.20413377114741
2018-05-31,30.12810516357422,9028500,38.36655599530111
2018-06-01,30.703384399414062,4173900,44.67492322077149
2018-06-04,30.909883499145508,4778300,47.11402178399362
2018-06-05,30.600133895874023,4022300,41.78896793896819
2018-06-06,31.25653648376465,3702100,49.02440601311683
2018-06-07,30.909883499145508,4811000,46.581570655211316
2018-06-08,30.961523056030273,4135600,52.70616370721582
2018-06-11,30.865636825561523,4652600,49.7354175183056
2018-06-12,31.131149291992188,5631800,50.131224064453704
2018-06-13,30.8582706451416,5709200,50.329433916105
2018-06-14,30.533750534057617,5402900,49.10028843024738
2018-06-15,30.755020141601562,8035200,51.18032021131107
2018-06-18,30.865636825561523,4824900,69.99986009473706
2018-06-19,30.791894912719727,4108500,62.669355173533255
2018-06-20,30.8951416015625,4323300,60.61232201874471
2018-06-21,30.92464256286621,2774700,53.60576459815103
2018-06-22,30.37149429321289,5378200,42.11674889586839
2018-06-25,30.12810516357422,7724400,42.95144084774447
2018-06-26,29.604459762573242,6471400,24.311921163799596
2018-06-27,29.176698684692383,4854500,23.713789811680982
2018-06-28,29.13982391357422,3799000,22.247050489071654
2018-06-29,28.68992805480957,6868700,20.081025561398135
2018-07-02,29.043941497802734,4336700,21.980046212651942
2018-07-03,28.734176635742188,1695600,21.764497976979285
2018-07-05,28.89644432067871,4981500,27.254179155732103
2018-07-06,29.021812438964844,3668900,25.262753279788143
2018-07-09,29.869979858398438,4627600,38.2609372252229
2018-07-10,29.53071403503418,2984200,36.006499608059585
2018-07-11,29.346328735351562,3094700,33.1190149113733
2018-07-12,29.18407440185547,5139000,31.562565031952786
2018-07-13,29.029193878173828,4342600,34.47106672821586
2018-07-16,29.48646354675293,4278700,42.926941267152024
2018-07-17,29.53071403503418,3965700,49.09099971223454
2018-07-18,30.268238067626953,4275100,62.499929012549266
2018-07-19,29.987974166870117,5817900,59.19988182442237
2018-07-20,29.648719787597656,5895200,60.6557752354546
2018-07-23,29.892105102539062,5402100,59.66391595030108
2018-07-24,29.53071403503418,7864700,58.97016110913262
2018-07-25,29.442209243774414,4645600,56.24993447286477
2018-07-26,29.471704483032227,4712600,55.267696147553465
2018-07-27,29.574960708618164,4102700,45.815783565030856
2018-07-30,29.552839279174805,4518000,50.34481938598369
2018-07-31,29.537988662719727,3591900,53.15364795013668
2018-08-01,29.641942977905273,4074200,57.681322471872
2018-08-02,29.916677474975586,3448000,64.31306973490658
2018-08-03,30.013208389282227,4112000,59.61382611940714
2018-08-06,29.79787254333496,3613400,54.58940205531607
2018-08-07,30.005779266357422,3367100,44.48844128357908
2018-08-08,30.451295852661133,2952000,59.098161595610954
2018-08-09,30.13943862915039,2686500,59.74096583517467
2018-08-10,29.90182876586914,2143300,50.193462206941575
2018-08-13,29.582548141479492,2496400,51.04886792045029
2018-08-14,29.998361587524414,3017300,59.93745467235954
2018-08-15,29.515710830688477,4199100,50.676725250486896
2018-08-16,30.04290199279785,3501800,56.36593486889084
2018-08-17,30.213695526123047,2269400,58.640843816446875
2018-08-20,30.33249282836914,2091200,60.113412279078894
2018-08-21,30.644363403320312,3270300,62.1185603927694
2018-08-22,30.629512786865234,2521100,59.19548968748755
2018-08-23,30.47357177734375,2713200,55.84898106956314
2018-08-24,30.4067440032959,3289800,58.039165319351476
2018-08-27,30.763166427612305,2517400,59.62269089005692
2018-08-28,30.815141677856445,3138600,55.13633529100695
2018-08-29,30.540407180786133,3487300,55.7203444021588
2018-08-30,30.384469985961914,3080600,57.04979653788441
2018-08-31,30.562692642211914,2660300,64.93199390025617
2018-09-04,30.61465835571289,2875400,60.55960684119331
2018-09-05,30.800294876098633,3801800,74.5040553146962
2018-09-06,30.5849609375,2612200,61.736388316926046
2018-09-07,30.451295852661133,3539000,55.228464916220155
2018-09-10,30.265666961669922,1942700,48.57149380746887
2018-09-11,30.466148376464844,4948000,45.99988355326924
2018-09-12,29.968656539916992,4408000,37.80826892260791
2018-09-13,29.530559539794922,5480300,34.24331852456196
2018-09-14,29.805295944213867,3618400,40.603339662696214
2018-09-17,29.61966323852539,2464000,31.127439715780696
2018-09-18,29.56026840209961,3395000,29.33996800735568
2018-09-19,30.013208389282227,3341700,41.801370610652604
2018-09-20,30.466148376464844,3011900,51.162791960625334
2018-09-21,30.429027557373047,5111500,48.017465114186926
2018-09-24,30.005779266357422,3091100,41.86501181406557
2018-09-25,29.805295944213867,2652000,36.75875141888832
2018-09-26,29.263256072998047,3972100,33.81810624246897
2018-09-27,28.906831741333008,3575800,32.06888610364361
2018-09-28,28.639522552490234,4718800,31.471987009476024
2018-10-01,28.48358726501465,3385900,27.179383147177987
2018-10-02,28.26825714111328,4212200,29.067535742545658
2018-10-03,28.83258628845215,4659200,41.666716006716925
2018-10-04,29.033069610595703,4085100,40.61376620112884
2018-10-05,28.79545783996582,2960900,40.106979540460514
2018-10-08,29.129587173461914,2324800,45.15034091363049
2018-10-09,28.936538696289062,3448200,37.122510723161525
2018-10-10,28.3350830078125,5224400,25.385880254633378
2018-10-11,27.46632194519043,7640100,21.29489010897626
2018-10-12,26.812891006469727,7469600,20.385611380464397
2018-10-15,26.619829177856445,5712800,20.41371500971151
2018-10-16,26.5158748626709,7528100,22.222102229183534
2018-10-17,26.6495304107666,6389600,26.100548153676897
2018-10-18,25.92927360534668,7503600,23.8162645485057
2018-10-19,27.005945205688477,6619800,37.88059023438796
2018-10-22,26.560428619384766,9609200,36.5022952583153
2018-10-23,26.909420013427734,8937100,34.26479093390978
2018-10-24,26.010953903198242,7255900,27.80797017717387
2018-10-25,26.6495304107666,5659600,35.118345950270154
2018-10-26,26.627254486083984,5802100,31.862219878709382
2018-10-29,26.850019454956055,5345000,34.941053355516516
2018-10-30,27.179180145263672,5997700,41.316240913251534
2018-10-31,27.94226837158203,6488600,53.63325013635626
2018-11-01,27.987159729003906,5536900,59.88220107487426
2018-11-02,28.06945037841797,4679700,62.43123328163596
2018-11-05,28.226551055908203,2738500,64.53740116320346
2018-11-06,28.226551055908203,6468300,63.713100183336024
2018-11-07,28.53327751159668,2674300,74.39795358904655
2018-11-08,28.652978897094727,3891100,68.80368234424118
2018-11-09,28.473434448242188,3382200,73.25232994853248
2018-11-12,28.144264221191406,4984600,65.08203855178287
2018-11-13,28.196622848510742,3582000,83.65000610793186
2018-11-14,27.08941078186035,8901600,55.91827978181116
2018-11-15,27.366214752197266,6490600,59.30489708672575
2018-11-16,27.12682342529297,5821400,53.470948312108625
2018-11-19,26.894899368286133,5897200,46.3461965584209
2018-11-20,26.35625457763672,5510600,28.36719020726214
2018-11-21,26.558246612548828,3497100,31.31094457860179
2018-11-23,26.326330184936523,1597600,28.06008660760628
2018-11-26,26.977197647094727,7782700,36.013406200794925
2018-11-27,26.969717025756836,4302000,35.953187452702494
2018-11-28,27.253997802734375,4260600,35.63023056813542
2018-11-29,26.954750061035156,4320000,31.663900891761614
2018-11-30,27.201629638671875,5518300,36.46489070694391
2018-12-03,27.34377670288086,5414900,41.12767108923784
2018-12-04,25.765239715576172,7394400,29.863737905163404
2018-12-06,25.271484375,7859600,33.2414215578536
2018-12-07,24.69542694091797,5178500,26.66668666290738
2018-12-10,23.977231979370117,7212700,24.607953942603558
2018-12-11,23.700429916381836,6133100,24.431166575677736
2018-12-12,23.663022994995117,5630600,26.562519191948027
2018-12-13,23.1019344329834,6163400,21.691207370115805
2018-12-14,22.63810157775879,5923700,20.897317192985838
2018-12-17,22.50343894958496,6460200,11.568113536980519
2018-12-18,22.30144691467285,7932100,11.19401991164193
2018-12-19,21.695466995239258,6759000,6.139374720628993
2018-12-20,21.583250045776367,6704600,6.32609594443413
2018-12-21,21.336374282836914,10894100,2.311503705645066
2018-12-24,20.902463912963867,4308800,0.0
2018-12-26,22.062049865722656,6940500,19.254671171564922
2018-12-27,22.129383087158203,6005900,21.925168138890285
2018-12-28,22.12189483642578,5821500,24.40478945591265
2018-12-31,22.24159812927246,5720200,30.405493865654208
2019-01-02,22.825132369995117,4878800,40.75834614132939
2019-01-03,22.720394134521484,4573600,40.18696450732192
2019-01-04,23.655548095703125,4521400,55.34684993200682
2019-01-07,23.947307586669922,7387000,63.07915276786405
2019-01-08,23.947307586669922,4106100,64.82328637026738
2019-01-09,24.261518478393555,4651200,69.66959644139557
2019-01-10,24.119384765625,6308800,76.82129408531867
2019-01-11,24.41114616394043,6311800,80.09559906528246
2019-01-14,24.73284149169922,6985400,85.57994206433663
2019-01-15,24.762758255004883,4303300,94.17808787307553
2019-01-16,25.398666381835938,4819100,93.38522983397353
2019-01-17,25.36125946044922,7548800,92.35293000208961
2019-01-18,26.505882263183594,9676300,94.25994392580954
2019-01-22,26.318849563598633,6488900,90.61108873572303
2019-01-23,26.146778106689453,5164000,86.03894236042274
2019-01-24,26.296411514282227,3912900,88.4244732798207
2019-01-25,26.513357162475586,3418900,86.31178430778552
2019-01-28,26.43855094909668,3565600,83.5011560091701
2019-01-29,26.221595764160156,3907300,78.89745948623593
2019-01-30,26.10079002380371,3849200,74.57805014563706
2019-01-31,25.61003303527832,6826200,68.22166420689157
2019-02-01,25.813888549804688,7465200,67.52370953914308
2019-02-04,26.010189056396484,3595800,66.47332528482187
2019-02-05,25.957338333129883,3200300,65.31531795893574
2019-02-06,26.063039779663086,3488200,59.857917255564985
2019-02-07,26.863361358642578,9760600,68.17354839424306
2019-02-08,26.667051315307617,4829200,52.53064512747715
2019-02-11,26.765209197998047,3125800,57.20987923611714
2019-02-12,27.19556427001953,4723200,65.63599407166102
2019-02-13,27.414512634277344,5670300,66.33184281276554
2019-02-14,27.10495948791504,6129900,58.41377192620772
2019-02-15,27.708965301513672,3192800,65.70398848294487
2019-02-19,27.99587631225586,4750600,71.55956498643248
2019-02-20,28.433780670166016,4372700,76.32024148641187
2019-02-21,28.109127044677734,4322600,79.29200817518979
2019-02-22,28.109127044677734,4017500,78.25275022492022
2019-02-25,27.965675354003906,3694900,74.38794520860768
2019-02-26,27.701417922973633,3734400,70.66184797905254
2019-02-27,27.95811653137207,2860700,71.67521837395394
2019-02-28,27.890174865722656,3530300,64.10788055527311
2019-03-01,27.93547248840332,3403000,68.18193251486778
2019-03-04,27.822221755981445,3610000,65.08626063795904
2019-03-05,27.588172912597656,3525600,55.93616260425198
2019-03-06,26.97661018371582,3178900,44.081659167786725
2019-03-07,26.36504554748535,4455500,40.75465546596605
2019-03-08,26.244239807128906,4147200,29.184475135366043
2019-03-11,26.50094985961914,2968700,28.5713426443875
2019-03-12,26.470752716064453,3449300,18.1372203006988
2019-03-13,26.802953720092773,3441600,28.850737648973578
2019-03-14,26.98415756225586,3821000,32.79437898994047
2019-03-15,27.082304000854492,4576400,36.29958970445114
2019-03-18,27.482465744018555,3817700,46.741580177780506
2019-03-19,26.98415756225586,3404900,36.478052040837404
2019-03-20,25.866731643676758,6006200,28.246684407786574
2019-03-21,25.126827239990234,6460800,23.728839564443717
2019-03-22,23.98675537109375,7395300,19.905223909411973
2019-03-25,23.865955352783203,6415800,20.265380527262707
2019-03-26,24.326513290405273,8749300,28.306554308636507
2019-03-27,24.152860641479492,5497000,30.492702141759096
2019-03-28,24.485063552856445,4046300,35.04494550728154
2019-03-29,24.537914276123047,3938000,32.71271074214695
2019-04-01,25.48168182373047,4949000,42.49709756241543
2019-04-02,25.677980422973633,4505300,41.286507996539484
2019-04-03,25.7836856842041,4797100,40.59169817999505
2019-04-04,26.198942184448242,4362700,43.40475936861497
2019-04-05,26.10834312438965,3839700,39.243492817508645
2019-04-08,26.176286697387695,2533000,43.219188762305876
2019-04-09,25.64023208618164,4010900,47.893288276988656
2019-04-10,25.75348663330078,5313400,56.59778171553971
2019-04-11,25.942241668701172,5809500,75.74567271762976
2019-04-12,26.470752716064453,4808900,80.96960059795559
2019-04-15,26.010189056396484,3685600,70.01794680724167
2019-04-16,26.349952697753906,5238700,75.12957369284261
2019-04-17,26.425445556640625,6190200,73.5779885405653
2019-04-18,26.697250366210938,7898300,74.91290164707871
2019-04-22,26.95395851135254,7448900,70.18636171778525
2019-04-23,27.255958557128906,5423900,71.02617995318563
2019-04-24,27.03700828552246,3669400,66.21098741906866
2019-04-25,26.969057083129883,2680600,60.94425440332208
2019-04-26,27.15781021118164,3017600,64.50940382080819
2019-04-29,27.474916458129883,3033300,66.79695903339577
2019-04-30,27.573944091796875,5657700,78.19938406627517
2019-05-01,27.337810516357422,5017500,72.30486246119806
2019-05-02,27.612024307250977,4030700,72.955619944148
2019-05-03,28.03096580505371,4094700,72.115558790275
2019-05-06,27.871002197265625,3381600,78.83362947147911
2019-05-07,27.345426559448242,3006500,64.58517424297045
2019-05-08,27.170228958129883,4487700,60.602420564863635
2019-05-09,27.28449058532715,4440300,58.75228057966664
2019-05-10,27.45968246459961,4005000,57.72506242224534
2019-05-13,26.29426383972168,4058100,38.37602561767602
2019-05-14,26.591331481933594,3412900,44.71295894461463
2019-05-15,26.058135986328125,3971800,40.2680367918888
2019-05-16,26.477073669433594,3301300,43.068184290095935
2019-05-17,26.477073669433594,3463300,39.13765130572758
2019-05-20,26.545623779296875,2657800,38.73110375554628
2019-05-21,26.865549087524414,3425400,44.918029960514325
2019-05-22,26.568479537963867,2069500,38.8254598751009
2019-05-23,25.913408279418945,4072100,28.416171045346232
2019-05-24,26.23332405090332,3329900,33.83459156227866
2019-05-28,25.715368270874023,3341400,33.88556568147038
2019-05-29,25.860088348388672,2929400,36.96968938170375
2019-05-30,25.53255271911621,2777100,33.28480542736101
2019-05-31,24.816547393798828,3362200,27.140921024762605
2019-06-03,25.21263313293457,4301500,39.209666064123304
2019-06-04,26.309499740600586,3276700,47.57536325820664
2019-06-05,26.13430404663086,3846900,50.698298232483964
2019-06-06,26.210472106933594,3257200,47.39191766150309
2019-06-07,25.791536331176758,2455500,43.80165232246398
2019-06-10,26.248559951782227,7128100,47.4903681455115
2019-06-11,26.538013458251953,2841200,47.21861841024759
2019-06-12,26.469449996948242,4132800,49.12510287455606
2019-06-13,26.568479537963867,3314600,56.417919930634454
2019-06-14,26.637033462524414,2701200,54.16015761663025
2019-06-17,26.187625885009766,1625600,54.936272780013994
2019-06-18,26.88078498840332,3578300,59.57145335620346
2019-06-19,26.40852165222168,3834200,57.997216663520675
2019-06-20,26.629411697387695,3969600,68.19561749006716
2019-06-21,26.499921798706055,5422900,63.65099283257646
2019-06-24,26.248559951782227,3906000,49.21256155328703
2019-06-25,26.15715789794922,3060600,50.301844318666184
2019-06-26,26.195234298706055,3707100,49.796699658545
2019-06-27,26.484691619873047,3405700,59.57891196519874
2019-06-28,26.934106826782227,5347600,59.49373307539433
2019-07-01,27.116910934448242,4665200,58.260820810010024
2019-07-02,26.675119400024414,4293400,52.65236004207175
2019-07-03,27.048351287841797,1999000,55.779770905209745
2019-07-05,27.337810516357422,2759000,58.013992078687885
2019-07-08,27.116910934448242,3583600,61.213223701986614
2019-07-09,27.41398811340332,4464500,57.11389065324669
2019-07-10,26.652265548706055,5848800,53.018815151904576
2019-07-11,27.08645248413086,4703100,55.37647509155586
2019-07-12,27.231170654296875,4562000,58.571457316541505
2019-07-15,26.720829010009766,4817900,55.218922638832964
2019-07-16,26.614173889160156,5662400,55.03339660580576
2019-07-17,26.164775848388672,3716300,49.69241087542997
2019-07-18,26.370431900024414,6626000,48.82626532340451
2019-07-19,28.053817749023438,11779500,59.17596088347917
2019-07-22,27.863386154174805,5761800,56.10967974792466
2019-07-23,28.30517578125,4325400,63.34153540080385
2019-07-24,28.655569076538086,3464400,63.20397182342033
2019-07-25,28.198537826538086,4724000,56.88175889894053
2019-07-26,28.70126724243164,4073900,62.121125010323965
2019-07-29,28.587013244628906,3642200,59.23250209193965
2019-07-30,28.948482513427734,3316100,69.28803031793521
2019-07-31,28.65623664855957,4179600,63.50816954577161
2019-08-01,27.44107437133789,8110400,51.525253936416384
2019-08-02,27.310325622558594,4264200,54.53364744263007
2019-08-05,26.625835418701172,9130100,50.082364910231135
2019-08-06,26.74889373779297,5100400,54.32497579394176
2019-08-07,25.556806564331055,7405800,44.74353129058731
2019-08-08,25.76445960998535,7174300,31.72473835234375
2019-08-09,25.61833381652832,3720900,31.950745122477812
2019-08-12,25.133806228637695,2327100,24.67756639422933
2019-08-13,25.479902267456055,4595600,24.625841175362552
2019-08-14,24.395484924316406,6806800,22.38186670183063
2019-08-15,24.164758682250977,5329600,15.700392455011297
2019-08-16,24.91846466064453,3488400,24.708434606930453
2019-08-19,25.341461181640625,3192200,25.34180308887558
2019-08-20,24.841552734375,3400600,24.64215518091744
2019-08-21,25.072277069091797,3191400,31.882354314190593
2019-08-22,25.20302963256836,3007300,33.88244541362404
2019-08-23,24.433935165405273,3569600,33.44954690245808
2019-08-26,24.7723388671875,2638100,35.545623142089426
2019-08-27,24.526229858398438,4478100,41.25331408903467
2019-08-28,25.272247314453125,4588100,46.172297843495855
2019-08-29,25.75676727294922,5173900,51.02270584810368
2019-08-30,25.94904136657715,5538100,56.29452667270664
2019-09-03,25.295316696166992,3175600,48.63942670792888
2019-09-04,25.57219123840332,2947300,59.8455438250884
2019-09-05,26.302820205688477,3905900,66.50825442174866
2019-09-06,26.256681442260742,2867200,61.60001666566915
2019-09-09,27.471834182739258,3813900,66.2367978592231
2019-09-10,27.902530670166016,3675500,73.57822551166369
2019-09-11,27.84868812561035,4345200,71.98534953443237
2019-09-12,27.97174072265625,5281200,71.95114500861652
2019-09-13,28.32552719116211,4076800,83.02873347563714
2019-09-16,28.425504684448242,2605600,82.31291162748639
2019-09-17,27.994821548461914,3134800,79.71022685129668
2019-09-18,28.156330108642578,4076600,77.45249476037141
2019-09-19,27.81792640686035,3667400,70.18075337873799
2019-09-20,27.594890594482422,7279800,66.01797713263582
2019-09-23,27.587194442749023,3156200,75.51362562361243
2019-09-24,27.12574577331543,5729700,66.61181808763101
2019-09-25,27.379549026489258,3807200,62.820561735898
2019-09-26,27.041149139404297,4099100,58.73282733849916
2019-09-27,27.210344314575195,5140200,46.2053751833707
2019-09-30,27.20265769958496,2762600,38.42236022492997
2019-10-01,26.302820205688477,4439400,30.019879539457335
2019-10-02,25.76445960998535,3933600,24.237017894821676
2019-10-03,25.710622787475586,5072600,17.18138150243908
2019-10-04,25.96442222595215,3140200,20.260226132877037
2019-10-07,26.102855682373047,5741500,25.399913993257343
2019-10-08,25.056903839111328,8388600,17.235739310531713
2019-10-09,25.372222900390625,4343500,24.019490047699875
2019-10-10,25.97211265563965,5358800,34.039269861077614
2019-10-11,26.51816749572754,4508800,40.492496156137484
2019-10-14,26.579696655273438,2302900,44.77174517683918
2019-10-15,27.010379791259766,3281700,46.5811188294857
2019-10-16,27.01807403564453,5819300,49.772357270755975
2019-10-17,26.92578125,4952600,47.14944887396037
2019-10-18,27.16419792175293,5639900,49.63175941712651
2019-10-21,27.36416244506836,4022300,61.734731535769015
2019-10-22,27.641036987304688,4012500,72.02172925279393
2019-10-23,27.671802520751953,4053000,73.13984099985642
2019-10-24,27.36416244506836,4503700,66.30824978099874
2019-10-25,27.571815490722656,3011400,66.84305233221856
2019-10-28,27.81792640686035,4089100,88.76873328473307
2019-10-29,27.75578498840332,3173400,86.03038992776467
2019-10-30,27.577116012573242,3665100,77.80199186970381
2019-10-31,27.312997817993164,4221200,65.25847725728212
2019-11-01,28.004365921020508,4214500,72.02375581821173
2019-11-04,28.858863830566406,4688200,75.26489165016471
2019-11-05,29.441476821899414,5502400,78.62427158612529
2019-11-06,29.270584106445312,4004600,77.19100268691392
2019-11-07,29.666765213012695,5517500,77.99611658771818
2019-11-08,29.923118591308594,4518000,78.27026749109936
2019-11-11,29.81435775756836,2493800,74.93618485208717
2019-11-12,29.82212257385254,3244500,74.80319360750484
2019-11-13,29.441476821899414,2663200,73.56423205958092
2019-11-14,29.185121536254883,3335400,68.10070726200794
2019-11-15,29.51915740966797,2607800,68.71789447794464
2019-11-18,29.51915740966797,2613900,69.67059050814194
2019-11-19,29.542470932006836,2165100,72.71088655180287
2019-11-20,29.51915740966797,4196900,76.99593565953458
2019-11-21,29.6046199798584,2528300,72.9908989368757
2019-11-22,29.977487564086914,2435900,68.65268247939551
2019-11-25,30.094011306762695,3652100,62.883357032681
2019-11-26,29.899799346923828,3028000,62.30960394635701
2019-11-27,30.024093627929688,2646000,57.82275770550591
2019-11-29,29.87650489807129,1550500,48.92848906391534
2019-12-02,29.759979248046875,3575300,48.75444528908577
2019-12-03,29.332717895507812,3644600,40.59705058681171
2019-12-04,29.79881477355957,3211400,56.64727989054845
2019-12-05,29.954185485839844,3348300,64.86477917631021
2019-12-06,30.31929588317871,2992400,65.28182841489047
2019-12-09,30.257143020629883,2226200,63.76790656596029
2019-12-10,30.55233383178711,3643700,67.10489163478567
2019-12-11,30.404733657836914,2750800,64.39372661353075
2019-12-12,31.507831573486328,3769000,73.24452018958442
2019-12-13,31.166015625,3424700,64.6268084253361
2019-12-16,31.298070907592773,3793500,64.76151904227865
2019-12-17,31.48451042175293,4545000,69.46532300424475
2019-12-18,31.38353157043457,3257100,66.79444264054217
2019-12-19,31.313617706298828,4159200,68.10143478413372
2019-12-20,31.492284774780273,6282700,71.48328672688368
2019-12-23,31.41459846496582,1815100,78.26970025190091
2019-12-24,31.468978881835938,1177800,75.53408454022744
2019-12-26,31.65541648864746,1674800,75.7643052865159
2019-12-27,31.445674896240234,1400700,67.90086408369118
2019-12-30,31.406831741333008,1674400,68.40769279630996
2019-12-31,31.54665756225586,1924500,66.75365210281936
2020-01-02,31.65541648864746,2903800,71.35260496583416
2020-01-03,31.002891540527344,2768100,39.81182584654509
2020-01-06,30.83976173400879,2743500,42.90562146890312
2020-01-07,30.645553588867188,3266700,36.1844724886421
2020-01-08,30.886362075805664,5653800,37.620615333601755
2020-01-09,31.08833885192871,2667400,44.13579451674848
2020-01-10,30.699932098388672,2004000,39.17813158397486
2020-01-13,30.964052200317383,3404300,40.957550317820825
2020-01-14,31.080568313598633,2887400,44.35698616506543
2020-01-15,30.28044891357422,4466200,33.96226706459957
2020-01-16,30.754297256469727,5869100,38.715778029150776
2020-01-17,31.748634338378906,7556300,53.170740665919816
2020-01-21,31.14272117614746,4493300,47.52913398528366
2020-01-22,31.18932342529297,5494800,46.597640980713926
2020-01-23,30.964052200317383,4050100,43.56005691008377
2020-01-24,30.39696502685547,4790100,44.26460658537554
2020-01-27,29.596847534179688,4654900,39.501230088595385
2020-01-28,29.832292556762695,3714600,43.17799206733961
2020-01-29,29.52620506286621,2555400,38.713979134486344
2020-01-30,29.753816604614258,9265000,38.973593635744734
2020-01-31,29.25935173034668,5991000,38.30230847265997
2020-02-03,29.57330322265625,4277200,38.797603651122735
2020-02-04,30.052064895629883,2855700,42.17227407492571
2020-02-05,31.00958251953125,2963200,55.419442716452494
2020-02-06,30.389549255371094,3180700,47.34659308340666
2020-02-07,30.154094696044922,2354900,36.960610968585605
2020-02-10,30.209026336669922,2980100,41.6085005747755
2020-02-11,30.609302520751953,2716800,45.098700349234
2020-02-12,30.515117645263672,2068300,46.120459892579206
2020-02-13,30.570064544677734,3005600,51.64113184100295
2020-02-14,30.350299835205078,2089100,58.0266671001459
2020-02-18,29.793054580688477,4455700,49.608811961241734
2020-02-19,30.09914779663086,4542100,55.71201960577753
2020-02-20,30.4366397857666,3906700,56.66153586216495
2020-02-21,29.51836585998535,3261200,52.33391172115291
2020-02-24,28.301836013793945,4538500,40.145965332198855
2020-02-25,27.03037452697754,6157300,29.144087097326263
2020-02-26,26.441728591918945,6767200,16.78085697521678
2020-02-27,25.460660934448242,7734300,15.943632228334607
2020-02-28,24.87202262878418,12008100,15.201687009987907
2020-03-02,26.151338577270508,8307800,26.98140960013123
2020-03-03,24.448198318481445,10007400,19.550134357895956
2020-03-04,24.887720108032227,8414500,23.105889276418452
2020-03-05,23.3651065826416,8732500,19.80269728792308
2020-03-06,21.960216522216797,8335700,18.01323443862711
2020-03-09,17.8632755279541,9957600,14.184786218680642
2020-03-10,19.943140029907227,11835300,22.44467819462382
2020-03-11,18.31849479675293,12081800,19.267544361187106
2020-03-12,16.678144454956055,9385400,18.58680778953118
2020-03-13,18.56964683532715,9329400,26.95170204719777
2020-03-16,14.527644157409668,8466400,23.825195151099777
2020-03-17,14.99855899810791,9620000,25.924736185072163
2020-03-18,12.023962020874023,8283300,23.918375440629774
2020-03-19,13.632915496826172,8480200,29.01527139415049
2020-03-20,13.750642776489258,18780100,25.796591684601495
2020-03-23,12.455633163452148,7120900,26.21422652669399
2020-03-24,13.970401763916016,7612400,29.232624097521224
2020-03-25,13.899765014648438,11161500,30.94185885662175
2020-03-26,16.262174606323242,10039100,38.95313979004045
2020-03-27,15.66568374633789,7036600,45.07042554824605
2020-03-30,15.422380447387695,6643100,38.94858788599837
2020-03-31,14.763102531433105,6219700,40.877970104711174
2020-04-01,13.577973365783691,5805600,41.855681870509564
2020-04-02,13.672158241271973,7065500,35.79236074787775
2020-04-03,13.295424461364746,4616900,45.45981115049771
2020-04-06,14.747405052185059,7725100,49.136999360730556
2020-04-07,15.328200340270996,7126900,63.58941066566028
2020-04-08,16.113054275512695,5693400,60.94181942047629
2020-04-09,17.35312271118164,6536000,64.46123665154546
2020-04-13,16.63105583190918,4721800,67.56933474821736
2020-04-14,15.956077575683594,6596100,58.99072744277951
2020-04-15,14.582582473754883,6313600,52.76539078207708
2020-04-16,13.491640090942383,7355600,37.49115373546169
2020-04-17,15.595047950744629,12662600,49.719280768729604
2020-04-20,15.932535171508789,10178500,52.012380896059796
2020-04-21,15.139836311340332,6203800,51.47060268822392
2020-04-22,15.367441177368164,5812200,57.54966992401295
2020-04-23,15.893293380737305,5601400,59.04152629312208
2020-04-24,16.16799545288086,6454200,61.791259203758656
2020-04-27,17.604270935058594,7674900,61.74193235319043
2020-04-28,17.8039608001709,7819400,60.504644136481794
2020-04-29,18.634654998779297,6215800,60.65768581631225
2020-04-30,17.883834838867188,5290400,52.33985294832437
2020-05-01,17.109054565429688,4264500,52.09769482833839
2020-05-04,16.933332443237305,5864900,54.48521836992382
2020-05-05,16.917362213134766,5820200,62.24109241092411
2020-05-06,16.406160354614258,4197400,66.26967978485516
2020-05-07,16.9732666015625,4983600,59.28642966666919
2020-05-08,17.732074737548828,4670400,61.473835854598455
2020-05-11,16.837482452392578,6957800,60.685326084411926
2020-05-12,16.078676223754883,5207600,54.19606639311942
2020-05-13,15.439684867858887,6905800,47.35910552617731
2020-05-14,16.094654083251953,7658800,49.59111355733119
2020-05-15,15.910943984985352,4215900,39.02697527571271
2020-05-18,17.236852645874023,7476700,46.79312963876546
2020-05-19,16.509998321533203,6491900,37.84276704162852
2020-05-20,17.308738708496094,5465000,46.72726175458523
2020-05-21,17.05314064025879,4320000,49.661823722428515
2020-05-22,16.997230529785156,2651400,50.39214910492005
2020-05-26,19.09792709350586,7724300,60.65572502278422
2020-05-27,20.471759796142578,7129700,68.32254948918
2020-05-28,19.69698143005371,4995100,62.0494933345214
2020-05-29,19.24968910217285,6797300,56.90409632850318
2020-06-01,19.752887725830078,3228200,63.75283669712091
2020-06-02,20.06439971923828,5090200,69.63025178823455
2020-06-03,21.422258377075195,6353900,77.51656011712686
2020-06-04,22.732196807861328,6025800,78.79420882913935
2020-06-05,23.363203048706055,10055600,81.12077581584379
2020-06-08,24.28974723815918,10600500,80.46932885782164
2020-06-09,23.570877075195312,5588900,80.52487896199708
2020-06-10,21.76572608947754,8988200,67.72558438230635
2020-06-11,19.55320930480957,7522700,58.60365613836466
2020-06-12,20.623519897460938,4725300,61.66496549263161
2020-06-15,21.286479949951172,5615000,57.757651086081424
2020-06-16,21.757732391357422,6394100,54.869931470496546
2020-06-17,21.062829971313477,4287300,55.203901054532324
2020-06-18,20.887102127075195,4455900,56.37038963089739
2020-06-19,20.24811363220215,16909100,51.90654247606661
2020-06-22,20.312009811401367,4647700,50.97178798839235
2020-06-23,20.6075439453125,4733800,46.51163550390572
2020-06-24,19.23370933532715,5363900,35.10203584351662
2020-06-25,20.176223754882812,5413100,36.77931461748991
2020-06-26,18.498865127563477,13151700,27.38611161097876
2020-06-29,18.794403076171875,7956700,30.709666088424783
2020-06-30,20.160249710083008,8059200,43.27756461103361
2020-07-01,19.35352325439453,4898200,49.05230829503842
2020-07-02,18.978113174438477,6692300,41.63961009068952
2020-07-06,19.385473251342773,3902600,40.08331537400281
2020-07-07,18.77043914794922,3938900,34.6469629414115
2020-07-08,18.898239135742188,4074800,38.186572109472216
2020-07-09,18.155406951904297,4102700,35.96059856954841
2020-07-10,19.313579559326172,4605200,45.44034436979104
2020-07-13,19.46534538269043,4819300,45.90418568498613
2020-07-14,19.081947326660156,3860900,42.68200119891
2020-07-15,20.327991485595703,3893600,55.31421563496614
2020-07-16,20.327991485595703,5141900,50.81130694952665
2020-07-17,20.088363647460938,6493100,60.04034668656692
2020-07-20,19.7049617767334,5049100,55.68856010716625
2020-07-21,20.407859802246094,4945100,51.686608959649696
2020-07-22,20.375913619995117,4927100,57.78585503410062
2020-07-23,20.80722999572754,5753900,63.81174919864594
2020-07-24,20.43182373046875,5731100,57.93935576755254
2020-07-27,19.856725692749023,4854800,58.29263413118427
2020-07-28,19.62139892578125,3813100,55.43138313294987
2020-07-29,20.57082748413086,4775700,67.5952808629076
2020-07-30,20.1082820892334,4269200,56.4419287458081
2020-07-31,20.132627487182617,6109500,55.52314254951675
2020-08-03,19.66197395324707,5454900,54.732563571923684
2020-08-04,19.645740509033203,3720400,43.0357363978253
2020-08-05,20.181320190429688,4020400,48.650381904467714
2020-08-06,20.092058181762695,3520900,50.03496333092061
2020-08-07,20.6357421875,4235700,58.54911514362426
2020-08-10,21.000904083251953,3715100,55.80734162916211
2020-08-11,21.6257381439209,4731800,60.9655364455803
2020-08-12,21.49590301513672,3258700,56.379680605161724
2020-08-13,20.846723556518555,3139600,53.65797549881026
2020-08-14,21.017131805419922,1935500,61.01690925269933
2020-08-17,20.643857955932617,2104500,59.4594623210016
2020-08-18,20.092058181762695,2545500,45.21880546422233
2020-08-19,20.124515533447266,3777300,50.17734848696381
2020-08-20,19.71877670288086,2685300,45.82651945221204
2020-08-21,19.629514694213867,3166300,49.64538652410447
2020-08-24,20.473447799682617,2856700,57.65770344246113
2020-08-25,20.725004196166992,4333700,55.30901374044209
2020-08-26,20.578937530517578,7896100,54.702157689220094
2020-08-27,21.10639190673828,4418300,54.55970995960574
2020-08-28,21.333606719970703,3175100,53.31178284765632
2020-08-31,20.99279022216797,6579500,43.3219203581745
2020-09-01,21.236228942871094,6890500,47.32438211433243
2020-09-02,21.739347457885742,5926500,59.48280543463196
2020-09-03,21.714998245239258,6917100,57.65123870506335
2020-09-04,22.20188331604004,5626600,66.66661225755641
2020-09-08,21.60139274597168,10854100,65.9792948421266
2020-09-09,22.015243530273438,8606000,68.5213848130347
2020-09-10,21.682540893554688,15213700,69.51609809209764
2020-09-11,21.99901580810547,7692100,72.53083273876261
2020-09-14,22.713111877441406,14720200,71.83540431691385
2020-09-15,21.6581974029541,6309800,57.86592326069691
2020-09-16,22.412870407104492,7296500,64.01986529973652
2020-09-17,22.307371139526367,7721500,59.81428792759305
2020-09-18,22.039594650268555,8947200,55.73127168730945
2020-09-21,20.960330963134766,4990100,49.76470386533838
2020-09-22,19.88918685913086,8540800,41.28155052157274
2020-09-23,19.43475914001465,4782300,34.98942287193998
2020-09-24,19.33738899230957,3597300,34.65973222781359
2020-09-25,19.824270248413086,3455200,34.65970006428741
2020-09-28,20.56270980834961,4067700,43.415650846643636
2020-09-29,20.1082820892334,2884500,37.97338836545131
2020-09-30,20.514022827148438,4933100,42.69779274623257
2020-10-01,20.6357421875,3432300,41.268201529128795
2020-10-02,21.268686294555664,3348800,40.65123532155246
2020-10-05,22.299259185791016,4596800,54.16226313499092
2020-10-06,22.015243530273438,4766500,47.25024461058707
2020-10-07,22.818603515625,2964800,53.224186408166865
2020-10-08,23.175649642944336,2483200,57.084975455595256
2020-10-09,22.688764572143555,4148800,61.6393236274428
2020-10-12,23.102619171142578,3358300,73.7410011115445
2020-10-13,22.737455368041992,5851600,74.7266248854749
2020-10-14,22.38041114807129,5018900,71.92981009247957
2020-10-15,22.64007568359375,9333000,70.97941043640733
2020-10-16,21.593278884887695,9017300,57.34103493355209
2020-10-19,21.61762237548828,4454600,61.45322211199923
2020-10-20,22.412870407104492,5146400,63.60467439427992
2020-10-21,22.35606575012207,5051300,62.44133113256398
2020-10-22,23.419092178344727,4310700,64.6409092325753
2020-10-23,23.63818359375,4393900,60.24842108951393
2020-10-26,23.01336097717285,4478600,57.26098796423821
2020-10-27,21.935501098632812,3508400,43.8224296771012
2020-10-28,21.29373550415039,3804600,37.33974593393441
2020-10-29,21.976640701293945,4503200,45.33241121207438
2020-10-30,22.420949935913086,3404200,45.549791417679906
2020-11-02,23.06271743774414,3771000,52.04942433062106
2020-11-03,23.86905288696289,3596300,58.87708856581375
2020-11-04,21.984874725341797,5861300,46.727024169679396
2020-11-05,23.786775588989258,8868500,60.18870144432017
2020-11-06,22.799428939819336,4255900,55.03867193948458
2020-11-09,26.600706100463867,10508300,64.21205664026596
2020-11-10,26.98741912841797,5545000,65.3729714959417
2020-11-11,26.065895080566406,4024400,58.86891484292025
2020-11-12,25.24310874938965,4376800,55.168677376392054
2020-11-13,26.123491287231445,3499700,59.854002071112056
2020-11-16,27.184886932373047,3892300,66.64929661578012
2020-11-17,27.20956802368164,3363800,69.52741834383619
2020-11-18,26.748809814453125,2744800,65.98678497696861
2020-11-19,26.995643615722656,2878400,65.53072652467716
2020-11-20,26.5595645904541,3816800,62.0396671259636
2020-11-23,27.35767364501953,2417000,62.01815152589566
2020-11-24,28.84691619873047,3895200,74.30068309927081
2020-11-25,28.55071258544922,2792400,68.88452913865815
2020-11-27,28.089948654174805,1556600,71.88561731233602
2020-11-30,26.872224807739258,5330400,51.428565120668466
2020-12-01,27.66210174560547,3875000,53.40530010285368
2020-12-02,28.270967483520508,3683200,61.49229114192573
2020-12-03,28.460201263427734,3679000,67.95222512127745
2020-12-04,29.151348114013672,3605800,67.26078262732182
2020-12-07,29.052608489990234,3950500,61.959911827124884
2020-12-08,29.28298568725586,3466500,62.93629600011425
2020-12-09,29.464006423950195,3330700,67.55314544642519
2020-12-10,29.620330810546875,3055700,67.16894106655914
2020-12-11,29.101974487304688,2481000,66.45363042540674
2020-12-14,28.484886169433594,3481700,57.46996638297721
2020-12-15,29.036163330078125,2862000,51.4321717566838
2020-12-16,29.11020851135254,2612100,54.381440450247126
2020-12-17,28.61653709411621,3559900,54.10259549897942
2020-12-18,28.147544860839844,7189500,61.24816087224366
2020-12-21,28.60007667541504,4625400,58.79625704433572
2020-12-22,28.172225952148438,2904500,49.04146640512778
2020-12-23,29.093751907348633,2426700,55.38463583519298
2020-12-24,28.89628028869629,1333700,47.633559851227965
2020-12-28,28.88805389404297,2458400,48.447234704882085
2020-12-29,28.69881248474121,1930600,44.44451296912145
2020-12-30,29.126667022705078,2060200,46.935761581831244
2020-12-31,29.422870635986328,1829800,48.250811520996145
2021-01-04,29.22539710998535,3483500,51.15923444557784
2021-01-05,29.85894775390625,3095400,62.86594700630864
2021-01-06,31.932361602783203,6295000,71.10300159102002
2021-01-07,33.051361083984375,4488700,74.9218981611362
2021-01-08,32.549468994140625,3406300,74.84408506409495
2021-01-11,32.771610260009766,3771200,80.15022243845074
2021-01-12,33.15831756591797,2974600,79.97835886106293
2021-01-13,33.1171875,2567700,84.26466771023485
2021-01-14,34.104522705078125,2721300,84.40687884281462
2021-01-15,33.429840087890625,4120100,79.21540323407343
2021-01-19,33.594398498535156,4498800,79.72984956513945
2021-01-20,32.985538482666016,3991500,75.71582189450088
2021-01-21,32.02287673950195,4310300,66.32659029768419
2021-01-22,31.586795806884766,3734600,62.00914732640551
2021-01-25,31.307050704956055,5470000,61.44802483898713
2021-01-26,30.484262466430664,4672600,53.36879086461642
2021-01-27,28.970333099365234,5949700,33.018835739266905
2021-01-28,30.61590576171875,5126000,36.83265067049454
2021-01-29,29.98235511779785,6484600,36.31565002001958
2021-02-01,30.61590576171875,4597800,38.99156969359783
2021-02-02,31.605388641357422,3749500,42.52963438991216
2021-02-03,32.25396728515625,3663100,46.076762906366106
2021-02-04,33.193565368652344,5027200,45.8417597358251
2021-02-05,33.21018981933594,2618600,48.93327899070927
2021-02-08,33.659202575683594,2908800,50.30625640663236
2021-02-09,33.75066375732422,2634200,53.80181283312989
2021-02-10,33.56774139404297,2877100,58.321025734593114
2021-02-11,33.235137939453125,2953900,58.97846513154887
2021-02-12,33.69245910644531,2030600,62.746656431081746
2021-02-16,34.94803237915039,6023100,72.79810780559417
2021-02-17,34.781734466552734,3695500,84.41896488073748
2021-02-18,34.00843048095703,4410900,72.40804394680707
2021-02-19,35.34715270996094,3646000,82.41548770995394
2021-02-22,35.954158782958984,4506500,82.35889889316778
2021-02-23,36.96027374267578,6150900,82.39439837500814
2021-02-24,38.565067291259766,5381600,84.2200235549821
2021-02-25,36.75239562988281,6851100,67.62769471928362
2021-02-26,36.12044906616211,6546800,63.58696019977938
2021-03-01,36.835548400878906,9339800,64.46971935007386
2021-03-02,36.96857833862305,10253900,64.60377536184966
2021-03-03,37.09330749511719,8511300,66.08494158499519
2021-03-04,36.32001495361328,8775500,63.53027824774061
2021-03-05,36.835548400878906,8907900,63.71556053316004
2021-03-08,38.14100646972656,6604500,63.872846069930155
2021-03-09,36.635982513427734,6564500,57.21681198874481
2021-03-10,37.101627349853516,8124800,62.33423921393132
2021-03-11,37.10994338989258,6119400,57.86352097466445
2021-03-12,37.81672286987305,5954700,58.23528776786696
2021-03-15,37.367706298828125,4590400,51.89479981180798
2021-03-16,36.53620147705078,5040700,39.83335149301235
2021-03-17,37.151512145996094,6945800,52.27269567695598
2021-03-18,37.73356246948242,9444200,59.23807326702565
2021-03-19,37.03510284423828,16992700,51.14500241205203
2021-03-22,36.12044906616211,6599400,45.534174815005265
2021-03-23,35.14759826660156,7080900,40.5948908205149
2021-03-24,35.122650146484375,5461600,43.76083319816682
2021-03-25,36.66924285888672,6425400,49.21750424130076
2021-03-26,37.42591094970703,6272100,46.452131847500226
2021-03-29,36.0622444152832,9337300,47.11296598873457
2021-03-30,37.23466110229492,5613300,50.62496863866727
2021-03-31,36.71082305908203,6865300,48.21162716681691
2021-04-01,37.367706298828125,5785800,47.97901598182218
2021-04-05,37.3427619934082,4451300,49.88327187210924
2021-04-06,37.267921447753906,3799900,53.68508697847305
2021-04-07,37.40928268432617,2948600,51.36326313219857
2021-04-08,37.17646408081055,3236100,46.94068139597437
2021-04-09,37.72525405883789,3154800,53.853323286068886
2021-04-12,38.18257522583008,3263200,62.133094280876456
2021-04-13,37.23466110229492,3791900,62.3159565755891
2021-04-14,37.849979400634766,3986000,65.04588349132901
2021-04-15,37.151512145996094,7092300,52.93520829057503
2021-04-16,37.2762451171875,5089400,49.0131896655801
2021-04-19,37.09330749511719,3978100,58.05192924924288
2021-04-20,35.513450622558594,6282200,37.36266998728999
2021-04-21,36.619346618652344,7848500,49.38125390264167
2021-04-22,35.90426254272461,8094800,40.17860297268832
2021-04-23,37.35939407348633,5170100,50.093644140239405
2021-04-26,38.03290939331055,3843200,54.03511045309249
2021-04-27,38.33224105834961,3157400,54.7885613495087
2021-04-28,38.72638702392578,3288400,57.90902681340791
2021-04-29,39.43919372558594,3288900,58.60199058124927
2021-04-30,38.81024932861328,4575900,53.09684712238136
2021-05-03,39.27986145019531,4042700,60.59054877024974
2021-05-04,40.30295181274414,4900200,62.18740760395739
2021-05-05,40.83126449584961,3978500,68.5970090553481
2021-05-06,41.217018127441406,3678600,69.40422702410291
2021-05-07,41.460208892822266,2835300,71.37563183535215
2021-05-10,41.38473129272461,3398600,83.70311879338743
2021-05-11,41.08284378051758,3611400,78.22752745966993
2021-05-12,40.25263214111328,3587000,77.10476444110492
2021-05-13,41.49375915527344,3126700,76.47719582833537
2021-05-14,42.323970794677734,2893800,76.94001461866458
2021-05-17,42.550384521484375,2868000,76.72693047127393
2021-05-18,41.6279296875,2653100,67.2310975388742
2021-05-19,41.049293518066406,4821800,59.716577008289335
2021-05-20,40.75578689575195,4141000,62.23626029563127
2021-05-21,41.41828536987305,3697500,63.1308094008233
2021-05-24,41.35958480834961,2515900,57.3598261211519
2021-05-25,40.57130813598633,3803800,48.25259318596987
2021-05-26,41.16670227050781,3708800,49.671051647135926
2021-05-27,42.00529861450195,6690300,53.306221875873455
2021-05-28,41.845970153808594,3414600,52.769456928899004
2021-06-01,42.22333526611328,3558600,56.786441145799984
2021-06-02,41.871124267578125,3398000,60.21166659767076
2021-06-03,42.18141174316406,4597400,54.91610141572725
2021-06-04,41.862735748291016,3383800,46.442375366914064
2021-06-07,41.845970153808594,4190000,44.385076169915166
2021-06-08,41.6027717590332,4541700,49.775112239281945
2021-06-09,40.62161636352539,3731300,46.43362249133958
2021-06-10,39.62369155883789,3378200,41.55200448173148
2021-06-11,40.12683868408203,3475100,40.128104713910545
2021-06-14,39.49789047241211,3939400,36.91026286116455
2021-06-15,40.017826080322266,3971100,45.95581307969411
2021-06-16,40.16877365112305,3752400,42.20183923807252
2021-06-17,37.9632682800293,7161600,23.974087908935317
2021-06-18,37.10790252685547,9332300,22.001980060537917
2021-06-21,38.15614318847656,3999200,27.731852396427712
2021-06-22,38.23161315917969,3694700,29.450718822934434
2021-06-23,38.50834655761719,2961900,29.182388250993014
2021-06-24,39.045047760009766,3544100,34.415509884411804
2021-06-25,39.69077682495117,5093200,38.85514135759632
2021-06-28,38.6005973815918,3982500,35.725660590081915
2021-06-29,38.36579895019531,2889700,38.4549456101777
2021-06-30,38.46642303466797,3147900,43.47821226600259
2021-07-01,38.95280838012695,3770100,43.37122803027268
2021-07-02,38.61737060546875,2834400,44.858010123453376
2021-07-06,37.48526382446289,4344000,36.19740470559276
2021-07-07,37.242069244384766,4528300,34.208097482658545
2021-07-08,36.51249313354492,5340100,40.68886969431664
2021-07-09,37.99681091308594,3769000,55.278870201892055
2021-07-12,38.46642303466797,3358100,51.97860697195144
2021-07-13,37.6026725769043,4482000,46.355719672036216
2021-07-14,37.40979766845703,4412900,43.57219512020914
2021-07-15,37.64460372924805,4106500,41.50565768113742
2021-07-16,36.059654235839844,4406600,30.228272487949525
2021-07-19,34.55018615722656,8027300,28.90828701976615
2021-07-20,35.78290939331055,6299600,37.8163596325019
2021-07-21,36.89824676513672,4292000,43.24908151327462
2021-07-22,36.47056198120117,4088500,39.2597747197862
2021-07-23,36.58796691894531,2813100,41.050280976186166
2021-07-26,37.0743522644043,2932700,48.078431148688516
2021-07-27,37.166603088378906,2779900,49.6420399254948
2021-07-28,36.31122589111328,10288200,49.05658420577375
2021-07-29,36.26045227050781,7603500,40.59740216816499
2021-07-30,35.67656326293945,6188600,35.077253567424904
