,open,high,low,close,volume,date,dividend,split
2022-12-15,63.0,63.0,60.0,60.0,1318200,2022-12-15,0,1
2022-12-16,60.0,60.0,55.0,56.7400016784668,2307500,2022-12-16,0,1
2022-12-19,53.0,58.9900016784668,53.0,56.5,117200,2022-12-19,0,1
2022-12-20,58.0,58.0,56.7599983215332,57.209999084472656,22200,2022-12-20,0,1
2022-12-21,59.0,66.27999877929688,55.5,56.959999084472656,290700,2022-12-21,0,1
2022-12-22,58.43000030517578,61.01900100708008,57.0,57.599998474121094,3253200,2022-12-22,0,1
2022-12-23,58.09000015258789,60.645999908447266,57.0,57.5,125800,2022-12-23,0,1
2022-12-27,57.97999954223633,58.9900016784668,57.375,57.45000076293945,26500,2022-12-27,0,1
2022-12-28,57.93000030517578,58.0,57.0,57.5,514800,2022-12-28,0,1
2022-12-29,58.5,58.779998779296875,57.75,58.0,374800,2022-12-29,0,1
2022-12-30,58.7400016784668,59.0,57.72999954223633,58.380001068115234,351100,2022-12-30,0,1
2023-01-03,60.68000030517578,60.68000030517578,55.869998931884766,56.0,1794100,2023-01-03,0,1
2023-01-04,54.130001068115234,60.709999084472656,53.5,60.4900016784668,33338500,2023-01-04,0,1
2023-01-05,60.63999938964844,62.97999954223633,58.13999938964844,59.0,8850600,2023-01-05,0,1
2023-01-06,59.68000030517578,59.939998626708984,57.869998931884766,58.95000076293945,5902600,2023-01-06,0,1
2023-01-09,58.790000915527344,59.97999954223633,57.72999954223633,58.099998474121094,5288900,2023-01-09,0,1
2023-01-10,59.150001525878906,60.060001373291016,58.05500030517578,60.0,6663000,2023-01-10,0,1
2023-01-11,60.439998626708984,66.37999725341797,60.07500076293945,64.98999786376953,9219400,2023-01-11,0,1
2023-01-12,66.08999633789062,66.5199966430664,63.65999984741211,65.6500015258789,5819800,2023-01-12,0,1
2023-01-13,65.0,65.5,63.7400016784668,65.44000244140625,3772100,2023-01-13,0,1
2023-01-17,63.939998626708984,65.7300033569336,63.2599983215332,63.33000183105469,3774600,2023-01-17,0,1
2023-01-18,63.20000076293945,63.5,61.9900016784668,62.08000183105469,2610300,2023-01-18,0,1
2023-01-19,61.33000183105469,64.5,61.29999923706055,63.939998626708984,2585600,2023-01-19,0,1
2023-01-20,63.959999084472656,67.81999969482422,63.540000915527344,66.7699966430664,4001600,2023-01-20,0,1
2023-01-23,67.3499984741211,69.91000366210938,66.77799987792969,69.5199966430664,3724100,2023-01-23,0,1
2023-01-24,69.02999877929688,70.62999725341797,68.70999908447266,69.5999984741211,2591000,2023-01-24,0,1
2023-01-25,68.45999908447266,69.69999694824219,66.94999694824219,68.70999908447266,2802100,2023-01-25,0,1
2023-01-26,68.51000213623047,69.44999694824219,67.80000305175781,69.22000122070312,2075900,2023-01-26,0,1
2023-01-27,68.86000061035156,70.51000213623047,68.36000061035156,70.08000183105469,2810600,2023-01-27,0,1
2023-01-30,68.41000366210938,73.94999694824219,67.91999816894531,71.5,4259900,2023-01-30,0,1
2023-01-31,71.01000213623047,71.11499786376953,68.5,69.5199966430664,3084300,2023-01-31,0,1
2023-02-01,69.0,70.73999786376953,67.52999877929688,70.01000213623047,2698700,2023-02-01,0,1
2023-02-02,69.58999633789062,71.88999938964844,69.0,70.6500015258789,2776000,2023-02-02,0,1
2023-02-03,69.62999725341797,70.62999725341797,69.0999984741211,70.55000305175781,3074900,2023-02-03,0,1
2023-02-06,69.91000366210938,72.3499984741211,69.54000091552734,71.86000061035156,2227400,2023-02-06,0,1
2023-02-07,71.58000183105469,72.19999694824219,71.0999984741211,71.62999725341797,1932300,2023-02-07,0,1
2023-02-08,71.20999908447266,71.41999816894531,70.0199966430664,70.16999816894531,1111900,2023-02-08,0,1
2023-02-09,70.25,70.9800033569336,68.20999908447266,68.41000366210938,1186000,2023-02-09,0,1
2023-02-10,68.19999694824219,69.54000091552734,68.19000244140625,69.23999786376953,1968100,2023-02-10,0,1
2023-02-13,68.5199966430664,69.87000274658203,67.91000366210938,69.43000030517578,2223200,2023-02-13,0,1
2023-02-14,68.94999694824219,73.16999816894531,68.71399688720703,72.61000061035156,3036000,2023-02-14,0,1
2023-02-15,72.69999694824219,73.54000091552734,71.72000122070312,72.31999969482422,1773000,2023-02-15,0,1
2023-02-16,71.5999984741211,71.81999969482422,70.33999633789062,70.91000366210938,1829400,2023-02-16,0,1
2023-02-17,70.97000122070312,73.4800033569336,70.88999938964844,73.16999816894531,2408600,2023-02-17,0,1
2023-02-21,72.62000274658203,73.0999984741211,72.25,72.47000122070312,1835500,2023-02-21,0,1
2023-02-22,72.2699966430664,73.0,70.84300231933594,71.94000244140625,2010200,2023-02-22,0,1
2023-02-23,72.44000244140625,76.20999908447266,72.28299713134766,75.9000015258789,3763200,2023-02-23,0,1
2023-02-24,74.83999633789062,75.7699966430664,74.22000122070312,75.01000213623047,2102900,2023-02-24,0,1
2023-02-27,75.0,76.9800033569336,74.56999969482422,76.04000091552734,2139600,2023-02-27,0,1
2023-02-28,76.04000091552734,76.33999633789062,75.30000305175781,76.0,3511800,2023-02-28,0,1
2023-03-01,75.37000274658203,75.73999786376953,75.01000213623047,75.30000305175781,2534300,2023-03-01,0,1
2023-03-02,74.79000091552734,75.47000122070312,74.5,75.04000091552734,1391900,2023-03-02,0,1
2023-03-03,75.52999877929688,76.9000015258789,75.12000274658203,76.37000274658203,2082700,2023-03-03,0,1
2023-03-06,75.91000366210938,77.16000366210938,75.69999694824219,76.68000030517578,1874100,2023-03-06,0,1
2023-03-07,76.36000061035156,76.83499908447266,75.93000030517578,76.25,1709400,2023-03-07,0,1
2023-03-08,76.25,77.4000015258789,76.10199737548828,76.62999725341797,1641300,2023-03-08,0,1
2023-03-09,77.0,77.4000015258789,75.9000015258789,76.37999725341797,1683800,2023-03-09,0,1
2023-03-10,75.87999725341797,76.52999877929688,74.5,74.97000122070312,3388600,2023-03-10,0,1
2023-03-13,74.94999694824219,77.4800033569336,74.04000091552734,76.23999786376953,2272100,2023-03-13,0,1
2023-03-14,76.69000244140625,78.76000213623047,76.3499984741211,77.13999938964844,1992300,2023-03-14,0,1
2023-03-15,75.93000030517578,76.80999755859375,75.58999633789062,76.76000213623047,2326200,2023-03-15,0,1
2023-03-16,75.95999908447266,77.44999694824219,75.75,76.62000274658203,1624600,2023-03-16,0,1
2023-03-17,76.86000061035156,77.54000091552734,75.43000030517578,75.83999633789062,5803300,2023-03-17,0,1
2023-03-20,75.48999786376953,75.80999755859375,74.51000213623047,75.19999694824219,1714100,2023-03-20,0,1
2023-03-21,75.6500015258789,76.68000030517578,75.5,76.5199966430664,1401600,2023-03-21,0,1
2023-03-22,76.86000061035156,77.05000305175781,74.70999908447266,74.7699966430664,1549800,2023-03-22,0,1
2023-03-23,75.41000366210938,76.70999908447266,74.87000274658203,75.70999908447266,1393700,2023-03-23,0,1
2023-03-24,75.26000213623047,76.48999786376953,74.88999938964844,76.45999908447266,1154800,2023-03-24,0,1
2023-03-27,76.81999969482422,77.45999908447266,76.26499938964844,76.37999725341797,1196600,2023-03-27,0,1
2023-03-28,76.37999725341797,76.94000244140625,76.1500015258789,76.9000015258789,760800,2023-03-28,0,1
2023-03-29,77.36000061035156,79.47000122070312,77.05999755859375,79.23999786376953,1786000,2023-03-29,0,1
2023-03-30,79.77999877929688,82.28900146484375,79.5,82.13999938964844,2188900,2023-03-30,0,1
2023-03-31,82.25,82.58999633789062,81.58000183105469,82.02999877929688,1916200,2023-03-31,0,1
2023-04-03,82.0,82.62000274658203,81.47000122070312,81.80999755859375,1913100,2023-04-03,0,1
2023-04-04,82.0,82.16000366210938,81.47000122070312,81.58999633789062,1552700,2023-04-04,0,1
2023-04-05,81.5,81.80000305175781,80.6500015258789,81.12000274658203,1410600,2023-04-05,0,1
2023-04-06,80.97000122070312,81.05999755859375,80.08999633789062,80.16000366210938,1356700,2023-04-06,0,1
2023-04-10,79.93000030517578,80.62999725341797,79.69999694824219,80.58999633789062,1579200,2023-04-10,0,1
2023-04-11,80.58999633789062,80.68499755859375,79.95999908447266,80.58999633789062,1167000,2023-04-11,0,1
2023-04-12,81.00499725341797,81.9000015258789,80.60700225830078,81.75,1232000,2023-04-12,0,1
2023-04-13,81.6500015258789,83.1719970703125,81.37999725341797,82.94000244140625,1252800,2023-04-13,0,1
2023-04-14,82.44999694824219,83.27999877929688,81.9800033569336,82.37000274658203,1163600,2023-04-14,0,1
2023-04-17,82.16999816894531,83.23999786376953,82.0,82.72000122070312,861000,2023-04-17,0,1
2023-04-18,82.79000091552734,84.16000366210938,82.79000091552734,83.66000366210938,1522000,2023-04-18,0,1
2023-04-19,83.79000091552734,86.87999725341797,83.75,85.75,2422900,2023-04-19,0,1
2023-04-20,85.37000274658203,86.31999969482422,84.68000030517578,85.0,1634900,2023-04-20,0,1
2023-04-21,85.19999694824219,86.51499938964844,85.08999633789062,86.4800033569336,1850600,2023-04-21,0,1
2023-04-24,86.5999984741211,87.83000183105469,86.18000030517578,87.79000091552734,2692800,2023-04-24,0,1
2023-04-25,83.5,83.5,78.77999877929688,80.38999938964844,7291400,2023-04-25,0,1
2023-04-26,79.7300033569336,80.2699966430664,77.55999755859375,80.12000274658203,3489500,2023-04-26,0,1
2023-04-27,80.81999969482422,81.54000091552734,80.62000274658203,81.5199966430664,1557000,2023-04-27,0,1
2023-04-28,81.19999694824219,81.7300033569336,81.01000213623047,81.33999633789062,1617600,2023-04-28,0,1
2023-05-01,81.08000183105469,81.72899627685547,80.7249984741211,80.77999877929688,1355800,2023-05-01,0,1
2023-05-02,80.33999633789062,80.6500015258789,77.88999938964844,78.45999908447266,1879100,2023-05-02,0,1
2023-05-03,78.47000122070312,80.41999816894531,78.0199966430664,79.70999908447266,1748900,2023-05-03,0,1
2023-05-04,79.62000274658203,80.26000213623047,77.69000244140625,78.26000213623047,1751400,2023-05-04,0,1
2023-05-05,78.5,79.52999877929688,78.5,78.98999786376953,1077400,2023-05-05,0,1
2023-05-08,78.87999725341797,79.48999786376953,78.61000061035156,79.41999816894531,842300,2023-05-08,0,1
2023-05-09,78.55000305175781,78.79000091552734,76.12000274658203,76.37000274658203,2499700,2023-05-09,0,1
2023-05-10,76.5,76.76000213623047,74.97000122070312,75.9000015258789,1792900,2023-05-10,0,1
2023-05-11,75.70999908447266,75.70999908447266,74.70999908447266,74.98999786376953,1504800,2023-05-11,0,1
2023-05-12,74.88999938964844,75.01000213623047,74.2699966430664,74.91999816894531,2577500,2023-05-12,0,1
2023-05-15,75.0999984741211,75.55999755859375,74.69999694824219,74.93000030517578,1187900,2023-05-15,0,1
2023-05-16,75.2699966430664,78.2699966430664,75.22000122070312,77.77999877929688,2668900,2023-05-16,0,1
2023-05-17,77.93000030517578,80.61000061035156,76.20600128173828,80.30000305175781,3716300,2023-05-17,0,1
2023-05-18,80.41999816894531,81.12999725341797,79.22000122070312,79.69000244140625,1483500,2023-05-18,0,1
2023-05-19,80.08999633789062,81.08899688720703,79.12000274658203,79.33999633789062,1311100,2023-05-19,0,1
2023-05-22,79.3499984741211,79.41899871826172,78.70999908447266,79.08000183105469,1357700,2023-05-22,0,1
2023-05-23,78.95999908447266,79.77300262451172,77.05999755859375,77.19000244140625,1382400,2023-05-23,0,1
2023-05-24,76.97000122070312,77.13999938964844,76.08000183105469,76.52999877929688,1431900,2023-05-24,0,1
2023-05-25,76.52999877929688,80.05999755859375,75.61000061035156,79.86000061035156,3127800,2023-05-25,0,1
2023-05-26,79.7699966430664,80.19999694824219,78.37000274658203,78.43000030517578,2243100,2023-05-26,0,1
2023-05-30,78.25,79.05000305175781,77.41000366210938,77.95999908447266,1775800,2023-05-30,0,1
2023-05-31,78.54000091552734,79.7300033569336,77.74299621582031,79.51000213623047,4501500,2023-05-31,0,1
2023-06-01,79.7300033569336,80.0999984741211,78.88999938964844,79.83000183105469,2355500,2023-06-01,0,1
2023-06-02,80.30000305175781,80.87000274658203,79.9000015258789,79.97000122070312,2404500,2023-06-02,0,1
2023-06-05,79.91000366210938,80.7239990234375,78.77999877929688,80.48999786376953,1416700,2023-06-05,0,1
2023-06-06,78.0,83.18000030517578,77.80000305175781,82.93000030517578,23800600,2023-06-06,0,1
2023-06-07,81.48999786376953,82.26000213623047,80.19000244140625,80.4800033569336,3883900,2023-06-07,0,1
2023-06-08,77.3499984741211,78.4000015258789,76.75,77.75,15048600,2023-06-08,0,1
2023-06-09,78.0999984741211,78.5,77.05999755859375,77.0999984741211,4894700,2023-06-09,0,1
2023-06-12,77.25,78.30999755859375,76.9000015258789,78.2699966430664,5545200,2023-06-12,0,1
2023-06-13,78.30000305175781,78.4489974975586,76.69999694824219,77.79000091552734,4122300,2023-06-13,0,1
2023-06-14,78.18000030517578,78.80000305175781,77.4800033569336,78.52999877929688,3322600,2023-06-14,0,1
2023-06-15,78.66000366210938,79.16999816894531,78.2249984741211,79.0999984741211,3277900,2023-06-15,0,1
2023-06-16,79.5,80.0999984741211,78.48999786376953,78.6500015258789,5388200,2023-06-16,0,1
2023-06-20,78.36000061035156,79.16000366210938,77.75,78.9000015258789,3151100,2023-06-20,0,1
2023-06-21,78.79000091552734,80.0,78.29000091552734,79.62000274658203,2805700,2023-06-21,0,1
2023-06-22,79.94000244140625,80.75,79.58000183105469,80.20999908447266,2229200,2023-06-22,0,1
2023-06-23,79.86000061035156,80.3499984741211,79.01000213623047,79.81999969482422,7973000,2023-06-23,0,1
2023-06-26,80.0199966430664,80.30000305175781,77.73999786376953,77.80000305175781,2500700,2023-06-26,0,1
2023-06-27,77.94999694824219,78.3499984741211,76.19200134277344,77.06999969482422,3250400,2023-06-27,0,1
2023-06-28,77.5,77.58999633789062,76.33999633789062,77.19000244140625,2920500,2023-06-28,0,1
2023-06-29,77.2699966430664,78.69999694824219,77.1500015258789,78.68000030517578,1908200,2023-06-29,0,1
2023-06-30,79.41999816894531,81.41000366210938,79.31400299072266,81.23999786376953,3428300,2023-06-30,0,1
2023-07-03,81.41000366210938,81.45999908447266,79.9000015258789,80.69000244140625,1086900,2023-07-03,0,1
2023-07-05,80.37000274658203,81.29000091552734,79.93499755859375,80.6500015258789,2655900,2023-07-05,0,1
2023-07-06,80.0,80.2699966430664,79.0,79.12000274658203,2595900,2023-07-06,0,1
2023-07-07,78.9800033569336,80.10800170898438,78.30000305175781,79.62000274658203,2892600,2023-07-07,0,1
2023-07-10,80.12999725341797,80.77999877929688,80.0,80.66000366210938,2263000,2023-07-10,0,1
2023-07-11,80.5,81.44499969482422,80.20999908447266,81.26000213623047,1793100,2023-07-11,0,1
2023-07-12,81.29000091552734,82.66000366210938,81.29000091552734,81.69000244140625,2124800,2023-07-12,0,1
2023-07-13,81.7300033569336,82.0,80.9000015258789,81.4000015258789,1476300,2023-07-13,0,1
2023-07-14,81.5,82.16000366210938,81.2300033569336,81.81999969482422,1774100,2023-07-14,0,1
2023-07-17,81.73999786376953,82.36000061035156,81.08000183105469,81.19000244140625,2343200,2023-07-17,0,1
2023-07-18,81.10800170898438,82.8949966430664,80.75,82.47000122070312,2844500,2023-07-18,0,1
2023-07-19,82.77999877929688,82.94000244140625,81.66000366210938,81.75,2781700,2023-07-19,0,1
2023-07-20,82.25,83.1449966430664,81.80000305175781,81.8499984741211,3113900,2023-07-20,0,1
2023-07-21,82.08000183105469,83.13999938964844,82.0199966430664,82.62999725341797,7697300,2023-07-21,0,1
2023-07-24,82.4800033569336,82.68000030517578,80.2699966430664,80.62999725341797,4335700,2023-07-24,0,1
2023-07-25,80.83999633789062,82.3499984741211,78.58000183105469,80.20999908447266,4729500,2023-07-25,0,1
2023-07-26,80.26000213623047,80.30799865722656,77.29000091552734,77.43000030517578,4148600,2023-07-26,0,1
2023-07-27,78.0,78.87000274658203,76.25,76.86000061035156,3224700,2023-07-27,0,1
2023-07-28,77.23999786376953,78.31999969482422,76.88999938964844,77.87000274658203,2910100,2023-07-28,0,1
2023-07-31,77.72000122070312,78.02999877929688,76.2699966430664,78.0,3916200,2023-07-31,0,1
2023-08-01,77.83999633789062,78.03500366210938,77.0999984741211,77.69000244140625,2126700,2023-08-01,0,1
2023-08-02,77.31999969482422,77.77999877929688,76.1500015258789,76.58999633789062,3073000,2023-08-02,0,1
2023-08-03,76.63999938964844,76.69000244140625,75.68000030517578,76.0199966430664,2053300,2023-08-03,0,1
2023-08-04,75.9800033569336,76.79499816894531,75.6259994506836,75.9000015258789,1449600,2023-08-04,0,1
2023-08-07,76.0999984741211,76.29000091552734,75.16999816894531,75.58999633789062,1668300,2023-08-07,0,1
2023-08-08,75.29000091552734,75.47000122070312,73.31999969482422,73.93000030517578,2574900,2023-08-08,0,1
2023-08-09,73.80000305175781,74.87999725341797,73.41999816894531,73.91999816894531,3028400,2023-08-09,0,1
2023-08-10,74.25,74.58000183105469,72.12000274658203,72.30000305175781,3681600,2023-08-10,0,1
2023-08-11,72.13999938964844,72.13999938964844,70.86000061035156,71.58999633789062,2897100,2023-08-11,0,1
2023-08-14,71.5,71.87000274658203,70.8499984741211,71.80000305175781,2601100,2023-08-14,0,1
2023-08-15,71.75,71.75,70.19000244140625,70.54000091552734,2476300,2023-08-15,0,1
2023-08-16,71.20999908447266,72.27999877929688,70.41999816894531,70.66999816894531,3697400,2023-08-16,0,1
2023-08-17,70.69999694824219,70.80000305175781,68.23999786376953,68.38999938964844,3791900,2023-08-17,0,1
2023-08-18,68.19999694824219,68.75,67.8949966430664,68.36000061035156,2911000,2023-08-18,0,1
2023-08-21,69.33000183105469,69.5,68.5999984741211,68.97000122070312,2807800,2023-08-21,0,1
2023-08-22,69.1500015258789,69.4000015258789,68.66999816894531,68.93000030517578,2170100,2023-08-22,0,1
2023-08-23,68.95999908447266,69.52999877929688,68.80999755859375,68.98999786376953,2079500,2023-08-23,0,1
2023-08-24,69.63999938964844,69.79000091552734,68.23999786376953,68.43000030517578,2623200,2023-08-24,0,1
2023-08-25,68.41000366210938,68.88999938964844,67.61000061035156,68.58999633789062,3096600,2023-08-25,0,1
2023-08-28,69.05999755859375,69.66000366210938,68.76000213623047,69.30999755859375,2438700,2023-08-28,0,1
2023-08-29,69.33000183105469,70.5,69.33000183105469,70.4800033569336,2044300,2023-08-29,0,1
2023-08-30,70.5,70.98999786376953,70.2300033569336,70.38999938964844,1889200,2023-08-30,0,1
2023-08-31,70.51000213623047,71.12999725341797,69.86100006103516,70.44999694824219,3573300,2023-08-31,0,1
2023-09-01,70.66999816894531,71.0199966430664,69.0999984741211,69.25,2096700,2023-09-01,0,1
2023-09-05,69.12999725341797,69.16000366210938,67.41000366210938,67.66000366210938,3773500,2023-09-05,0,1
2023-09-06,67.51000213623047,68.19999694824219,66.05999755859375,66.9800033569336,3140100,2023-09-06,0,1
2023-09-07,68.08999633789062,68.16999816894531,65.83000183105469,65.9000015258789,2836900,2023-09-07,0,1
2023-09-08,65.91999816894531,65.98999786376953,64.72000122070312,64.9000015258789,3103100,2023-09-08,0,1
2023-09-11,65.31999969482422,67.3499984741211,65.19999694824219,66.62000274658203,3630500,2023-09-11,0,1
2023-09-12,66.37999725341797,66.62000274658203,65.22000122070312,65.4000015258789,2381800,2023-09-12,0,1
2023-09-13,65.12000274658203,65.94000244140625,64.20999908447266,64.52999877929688,3612800,2023-09-13,0,1
2023-09-14,64.86000061035156,66.05999755859375,64.56999969482422,66.0,3945100,2023-09-14,0,1
2023-09-15,66.0,66.5,65.58000183105469,66.43000030517578,6711100,2023-09-15,0,1
2023-09-18,65.87000274658203,66.98999786376953,65.87000274658203,66.27999877929688,3205300,2023-09-18,0,1
2023-09-19,66.5,66.75,65.3499984741211,66.12000274658203,3160400,2023-09-19,0,1
2023-09-20,66.41999816894531,66.80000305175781,64.9000015258789,65.01000213623047,1796400,2023-09-20,0,1
2023-09-21,64.62000274658203,64.88999938964844,63.790000915527344,63.88999938964844,2172500,2023-09-21,0,1
2023-09-22,63.83000183105469,64.80500030517578,63.736000061035156,64.33000183105469,2277800,2023-09-22,0,1
2023-09-25,64.0,67.04000091552734,64.0,66.4800033569336,3214500,2023-09-25,0,1
2023-09-26,66.19000244140625,67.40499877929688,66.12000274658203,66.20999908447266,3619900,2023-09-26,0,1
2023-09-27,66.37000274658203,68.41100311279297,66.1500015258789,68.27999877929688,5470000,2023-09-27,0,1
2023-09-28,68.73999786376953,70.58000183105469,68.01000213623047,69.77999877929688,4817700,2023-09-28,0,1
2023-09-29,70.08000183105469,70.19999694824219,67.93000030517578,68.04000091552734,3145800,2023-09-29,0,1
2023-10-02,68.0,68.66000366210938,67.56999969482422,67.83999633789062,1942100,2023-10-02,0,1
2023-10-03,67.3499984741211,67.52999877929688,66.4000015258789,66.9800033569336,2726100,2023-10-03,0,1
2023-10-04,67.13999938964844,68.06999969482422,66.47000122070312,67.87999725341797,2084400,2023-10-04,0,1
2023-10-05,68.33999633789062,68.68000030517578,66.62699890136719,67.5999984741211,1894300,2023-10-05,0,1
2023-10-06,67.01000213623047,68.98999786376953,66.6500015258789,68.45999908447266,2318600,2023-10-06,0,1
2023-10-09,67.81999969482422,68.08000183105469,67.18000030517578,67.80000305175781,1600300,2023-10-09,0,1
2023-10-10,68.0,68.62999725341797,67.61000061035156,68.19000244140625,2209000,2023-10-10,0,1
2023-10-11,68.30999755859375,68.30999755859375,67.04000091552734,67.77999877929688,2032900,2023-10-11,0,1
2023-10-12,67.72000122070312,67.91000366210938,66.16999816894531,66.51000213623047,2252100,2023-10-12,0,1
2023-10-13,66.12999725341797,67.63999938964844,66.05999755859375,67.12000274658203,1984200,2023-10-13,0,1
2023-10-16,67.62999725341797,67.69000244140625,66.33000183105469,66.87999725341797,1951500,2023-10-16,0,1
2023-10-17,66.37000274658203,67.41000366210938,66.06999969482422,66.80000305175781,1596000,2023-10-17,0,1
2023-10-18,66.30000305175781,66.4800033569336,65.08999633789062,65.2300033569336,1917700,2023-10-18,0,1
2023-10-19,65.2300033569336,66.66999816894531,64.83999633789062,65.44999694824219,1669200,2023-10-19,0,1
2023-10-20,65.52999877929688,65.52999877929688,63.86000061035156,64.05000305175781,2575000,2023-10-20,0,1
2023-10-23,63.95000076293945,64.54000091552734,63.36000061035156,63.9900016784668,2412500,2023-10-23,0,1
2023-10-24,64.0199966430664,65.05999755859375,63.959999084472656,64.66999816894531,2511200,2023-10-24,0,1
2023-10-25,64.19999694824219,64.98999786376953,63.97999954223633,64.51000213623047,3179600,2023-10-25,0,1
2023-10-26,64.12000274658203,64.73999786376953,63.58000183105469,63.90999984741211,3484900,2023-10-26,0,1
2023-10-27,64.19999694824219,64.31999969482422,62.720001220703125,63.099998474121094,2606400,2023-10-27,0,1
2023-10-30,63.540000915527344,63.66999816894531,62.349998474121094,63.16999816894531,4484200,2023-10-30,0,1
2023-10-31,66.69000244140625,67.69999694824219,65.7699966430664,66.56999969482422,7555100,2023-10-31,0,1
2023-11-01,66.75,68.44999694824219,66.0,68.27999877929688,4523300,2023-11-01,0,1
2023-11-02,69.5999984741211,69.76000213623047,68.27999877929688,69.25,3115900,2023-11-02,0,1
2023-11-03,69.94000244140625,71.9000015258789,69.62999725341797,71.56999969482422,4022500,2023-11-03,0,1
2023-11-06,71.66999816894531,71.95999908447266,70.76000213623047,71.08999633789062,2350100,2023-11-06,0,1
2023-11-07,71.25,71.45999908447266,70.68000030517578,70.69999694824219,1912900,2023-11-07,0,1
2023-11-08,71.16000366210938,71.16000366210938,69.5250015258789,69.98999786376953,2062100,2023-11-08,0,1
2023-11-09,70.12999725341797,70.13999938964844,68.05000305175781,68.30999755859375,1981500,2023-11-09,0,1
2023-11-10,68.55000305175781,69.56999969482422,68.38999938964844,69.5199966430664,2773300,2023-11-10,0,1
2023-11-13,69.56999969482422,70.55000305175781,69.3499984741211,70.01000213623047,1993200,2023-11-13,0,1
2023-11-14,71.0,72.37000274658203,70.68000030517578,72.20999908447266,2634400,2023-11-14,0,1
2023-11-15,72.0,72.62999725341797,71.4749984741211,71.5199966430664,2780100,2023-11-15,0,1
2023-11-16,72.0,72.66000366210938,71.5,71.91999816894531,2946600,2023-11-16,0,1
2023-11-17,72.52999877929688,73.37899780273438,72.0250015258789,73.0,2920000,2023-11-17,0,1
2023-11-20,73.08999633789062,73.48999786376953,72.7699966430664,73.33000183105469,1787600,2023-11-20,0,1
2023-11-21,73.5,73.69000244140625,72.58999633789062,73.37999725341797,1469300,2023-11-21,0,1
2023-11-22,73.75,74.18000030517578,73.19000244140625,73.5999984741211,1123300,2023-11-22,0,1
2023-11-24,73.81999969482422,73.83999633789062,73.39099884033203,73.70999908447266,558900,2023-11-24,0,1
2023-11-27,71.26000213623047,71.51499938964844,70.55000305175781,71.13999938964844,4253600,2023-11-27,0,1
2023-11-28,70.69999694824219,70.78500366210938,68.1050033569336,68.12999725341797,5167900,2023-11-28,0,1
2023-11-29,68.30000305175781,68.84300231933594,67.45999908447266,67.70999908447266,3762900,2023-11-29,0,1
2023-11-30,67.70999908447266,68.68000030517578,66.38999938964844,68.45999908447266,3324600,2023-11-30,0,1
2023-12-01,68.3499984741211,69.66999816894531,68.15799713134766,69.41000366210938,1898200,2023-12-01,0,1
2023-12-04,68.88999938964844,69.76499938964844,68.7699966430664,69.37000274658203,1478700,2023-12-04,0,1
2023-12-05,68.91000366210938,69.05000305175781,67.72000122070312,67.93000030517578,1896200,2023-12-05,0,1
2023-12-06,68.38999938964844,68.68000030517578,67.86499786376953,68.05000305175781,1579700,2023-12-06,0,1
2023-12-07,68.0999984741211,68.29000091552734,67.0,67.38999938964844,2089200,2023-12-07,0,1
2023-12-08,67.18000030517578,68.62999725341797,67.05000305175781,68.5199966430664,1893700,2023-12-08,0,1
2023-12-11,69.16000366210938,71.30999755859375,69.08999633789062,71.12999725341797,3051300,2023-12-11,0,1
2023-12-12,71.30000305175781,72.3949966430664,71.23999786376953,72.05000305175781,2407200,2023-12-12,0,1
2023-12-13,72.61000061035156,74.2699966430664,72.5199966430664,74.18000030517578,2628600,2023-12-13,0,1
2023-12-14,74.33999633789062,76.30000305175781,74.33999633789062,75.91999816894531,4271300,2023-12-14,0,1
2023-12-15,76.37999725341797,76.58999633789062,74.48500061035156,75.01000213623047,5638000,2023-12-15,0,1
2023-12-18,75.0,75.51499938964844,74.55000305175781,75.05999755859375,1945800,2023-12-18,0,1
2023-12-19,75.13999938964844,75.83999633789062,75.0,75.69000244140625,2441800,2023-12-19,0,1
2023-12-20,75.36000061035156,76.58999633789062,74.87999725341797,75.44000244140625,2162200,2023-12-20,0,1
2023-12-21,76.08000183105469,77.61000061035156,76.08000183105469,77.19000244140625,2992100,2023-12-21,0,1
2023-12-22,77.30000305175781,77.70999908447266,76.98999786376953,77.58000183105469,2193700,2023-12-22,0,1
2023-12-26,77.69999694824219,78.32499694824219,77.58000183105469,78.13999938964844,1413900,2023-12-26,0,1
2023-12-27,78.08000183105469,78.29000091552734,77.37999725341797,77.66999816894531,1365000,2023-12-27,0,1
2023-12-28,77.83000183105469,77.96499633789062,77.25,77.54000091552734,1569500,2023-12-28,0,1
2023-12-29,77.16000366210938,77.63999938964844,76.86000061035156,77.31999969482422,1786900,2023-12-29,0,1
2024-01-02,76.58000183105469,77.41000366210938,75.70500183105469,76.37000274658203,2003100,2024-01-02,0,1
2024-01-03,76.23999786376953,76.68000030517578,75.43499755859375,76.11000061035156,2692400,2024-01-03,0,1
2024-01-04,76.0,76.94999694824219,75.8499984741211,76.56999969482422,2395900,2024-01-04,0,1
2024-01-05,76.0,77.44999694824219,75.58999633789062,76.62000274658203,2377200,2024-01-05,0,1
2024-01-08,77.0,77.44999694824219,76.30999755859375,77.36000061035156,1880600,2024-01-08,0,1
2024-01-09,77.01000213623047,77.66000366210938,74.4000015258789,76.66000366210938,3507200,2024-01-09,0,1
2024-01-10,76.33999633789062,76.61000061035156,74.87999725341797,76.16999816894531,3020600,2024-01-10,0,1
2024-01-11,76.19999694824219,76.32499694824219,74.77999877929688,76.25,2305500,2024-01-11,0,1
2024-01-12,76.27999877929688,76.47000122070312,75.4000015258789,76.16999816894531,1888300,2024-01-12,0,1
2024-01-16,75.9000015258789,75.9000015258789,74.54000091552734,74.97000122070312,2831600,2024-01-16,0,1
2024-01-17,74.23999786376953,74.23999786376953,72.0199966430664,72.75,3766900,2024-01-17,0,1
2024-01-18,72.75,73.76000213623047,72.41999816894531,73.5199966430664,2421500,2024-01-18,0,1
2024-01-19,73.44499969482422,74.12000274658203,73.19999694824219,74.11000061035156,3704200,2024-01-19,0,1
2024-01-22,74.27999877929688,75.44999694824219,74.16999816894531,74.63999938964844,2414900,2024-01-22,0,1
2024-01-23,74.62999725341797,74.7300033569336,72.68499755859375,73.66999816894531,2850400,2024-01-23,0,1
2024-01-24,73.63999938964844,73.69999694824219,71.30999755859375,71.55000305175781,3594400,2024-01-24,0,1
2024-01-25,72.33000183105469,73.0999984741211,71.41999816894531,72.87000274658203,2126500,2024-01-25,0,1
2024-01-26,73.0,73.29000091552734,72.47000122070312,73.1500015258789,2334500,2024-01-26,0,1
2024-01-29,72.91000366210938,74.41999816894531,72.5,74.37999725341797,2160100,2024-01-29,0,1
2024-01-30,73.7300033569336,74.5199966430664,73.12000274658203,74.0,1673900,2024-01-30,0,1
2024-01-31,73.93000030517578,74.47000122070312,72.94999694824219,73.36000061035156,3129600,2024-01-31,0,1
2024-02-01,73.36000061035156,75.12999725341797,72.98999786376953,74.3499984741211,2593600,2024-02-01,0,1
2024-02-02,74.02999877929688,74.36000061035156,72.5199966430664,73.91000366210938,2446600,2024-02-02,0,1
2024-02-05,73.22000122070312,73.56999969482422,72.61000061035156,73.41000366210938,3365700,2024-02-05,0,1
2024-02-06,76.75,83.11000061035156,76.55999755859375,81.95999908447266,12511200,2024-02-06,0,1
2024-02-07,82.04000091552734,82.50800323486328,80.16999816894531,81.83000183105469,4278100,2024-02-07,0,1
2024-02-08,81.52999877929688,82.13999938964844,80.43599700927734,82.05999755859375,2483800,2024-02-08,0,1
2024-02-09,82.29000091552734,82.75,80.61000061035156,81.33999633789062,2755000,2024-02-09,0,1
2024-02-12,81.62000274658203,83.30999755859375,81.38999938964844,83.16999816894531,2304300,2024-02-12,0,1
2024-02-13,82.3499984741211,82.71700286865234,81.16000366210938,82.30999755859375,2529800,2024-02-13,0,1
2024-02-14,82.5999984741211,83.44000244140625,82.33999633789062,83.16999816894531,2214800,2024-02-14,0,1
2024-02-15,83.94000244140625,85.73999786376953,83.92500305175781,85.62999725341797,2346100,2024-02-15,0,1
2024-02-16,83.51000213623047,87.29000091552734,83.48999786376953,86.0199966430664,13130900,2024-02-16,0,1
2024-02-20,85.93000030517578,86.80999755859375,85.58000183105469,86.38999938964844,6372600,2024-02-20,0,1
2024-02-21,83.0,85.20999908447266,82.05999755859375,84.9800033569336,5839800,2024-02-21,0,1
2024-02-22,85.44999694824219,88.0999984741211,85.00499725341797,87.63999938964844,4154900,2024-02-22,0,1
2024-02-23,87.4000015258789,89.7300033569336,87.23500061035156,89.06999969482422,3815600,2024-02-23,0,1
2024-02-26,88.94000244140625,90.70999908447266,88.79000091552734,90.62000274658203,3805100,2024-02-26,0,1
2024-02-27,90.01000213623047,92.58000183105469,89.48899841308594,92.5199966430664,3993400,2024-02-27,0,1
2024-02-28,92.25,93.95899963378906,92.0,93.0199966430664,3431900,2024-02-28,0,1
2024-02-29,93.30999755859375,93.33999633789062,88.87000274658203,91.27999877929688,6144000,2024-02-29,0,1
2024-03-01,91.05000305175781,93.05999755859375,90.57499694824219,92.72000122070312,2695900,2024-03-01,0,1
2024-03-04,92.94000244140625,93.5,92.42500305175781,92.7300033569336,2615200,2024-03-04,0,1
2024-03-05,92.72000122070312,93.5,91.5199966430664,91.80999755859375,2804900,2024-03-05,0,1
2024-03-06,91.55999755859375,94.08000183105469,91.44999694824219,93.0999984741211,2521200,2024-03-06,0,1
2024-03-07,93.19999694824219,93.55000305175781,91.98999786376953,92.66000366210938,3014400,2024-03-07,0,1
2024-03-08,92.80000305175781,94.5,92.48999786376953,93.87000274658203,2852400,2024-03-08,0,1
2024-03-11,93.80999755859375,94.05999755859375,92.12999725341797,93.0,2123200,2024-03-11,0,1
2024-03-12,92.19000244140625,92.5,91.69999694824219,91.81999969482422,3042200,2024-03-12,0,1
2024-03-13,87.55999755859375,89.36499786376953,86.55000305175781,88.4800033569336,14434500,2024-03-13,0,1
2024-03-14,88.0999984741211,89.04000091552734,87.76000213623047,88.33000183105469,4859000,2024-03-14,0,1
2024-03-15,88.25,89.7300033569336,87.93000030517578,89.41000366210938,7309500,2024-03-15,0,1
2024-03-18,89.9000015258789,90.95999908447266,89.49400329589844,90.61000061035156,2843900,2024-03-18,0,1
2024-03-19,90.5999984741211,91.0,90.36000061035156,90.77999877929688,2996500,2024-03-19,0,1
2024-03-20,90.4800033569336,91.11000061035156,90.1500015258789,90.88999938964844,2016900,2024-03-20,0,1
2024-03-21,91.25,92.18000030517578,91.12000274658203,91.19999694824219,2754900,2024-03-21,0,1
2024-03-22,91.45999908447266,91.9000015258789,89.37000274658203,89.7300033569336,6178000,2024-03-22,0,1
2024-03-25,89.80999755859375,90.0999984741211,88.25,88.27999877929688,2436000,2024-03-25,0,1
2024-03-26,88.4800033569336,89.34300231933594,87.69999694824219,89.06999969482422,2845200,2024-03-26,0,1
2024-03-27,89.95999908447266,90.69000244140625,89.71499633789062,90.30999755859375,2629100,2024-03-27,0,1
2024-03-28,90.19999694824219,91.1500015258789,89.6500015258789,90.91000366210938,2108000,2024-03-28,0,1
2024-04-01,91.30999755859375,91.45999908447266,89.19000244140625,89.52999877929688,1958200,2024-04-01,0,1
2024-04-02,88.8499984741211,89.23999786376953,87.86000061035156,88.11000061035156,3010700,2024-04-02,0,1
2024-04-03,88.25,90.05000305175781,88.11000061035156,89.02999877929688,4403900,2024-04-03,0,1
2024-04-04,90.1500015258789,90.83999633789062,87.87000274658203,87.95999908447266,2728200,2024-04-04,0,1
2024-04-05,87.95999908447266,89.5,87.8499984741211,88.47000122070312,1591900,2024-04-05,0,1
2024-04-08,88.7300033569336,88.84500122070312,87.62000274658203,87.70999908447266,1692400,2024-04-08,0,1
2024-04-09,88.12999725341797,88.23999786376953,86.44999694824219,86.94000244140625,4173400,2024-04-09,0,1
2024-04-10,85.37999725341797,86.69999694824219,85.23999786376953,85.38999938964844,2926100,2024-04-10,0,1
2024-04-11,86.4800033569336,88.91999816894531,85.61000061035156,88.20999908447266,3071000,2024-04-11,0,1
2024-04-12,87.06999969482422,87.52999877929688,86.05500030517578,86.27999877929688,2226800,2024-04-12,0,1
2024-04-15,87.5999984741211,87.91000366210938,85.5199966430664,86.12999725341797,1983600,2024-04-15,0,1
2024-04-16,85.83000183105469,86.44000244140625,85.3499984741211,85.87999725341797,1868200,2024-04-16,0,1
2024-04-17,86.06999969482422,86.25,85.16000366210938,85.19000244140625,1711600,2024-04-17,0,1
2024-04-18,85.33999633789062,86.125,84.62000274658203,84.97000122070312,1815300,2024-04-18,0,1
2024-04-19,85.0,85.61000061035156,84.0999984741211,84.48999786376953,1891800,2024-04-19,0,1
2024-04-22,84.80999755859375,85.08000183105469,84.18000030517578,84.30999755859375,2113700,2024-04-22,0,1
2024-04-23,84.98999786376953,86.6500015258789,84.79000091552734,86.23999786376953,1951300,2024-04-23,0,1
2024-04-24,86.11000061035156,87.27999877929688,85.80000305175781,86.72000122070312,2020300,2024-04-24,0,1
2024-04-25,86.0,86.67500305175781,84.73999786376953,85.94999694824219,1362900,2024-04-25,0,1
2024-04-26,85.36000061035156,86.9000015258789,85.16000366210938,86.23999786376953,1790600,2024-04-26,0,1
2024-04-29,86.30000305175781,89.18000030517578,86.30000305175781,88.94000244140625,4353000,2024-04-29,0,1
2024-04-30,81.04000091552734,82.30000305175781,76.08000183105469,76.23999786376953,14433600,2024-04-30,0,1
2024-05-01,76.5199966430664,79.12999725341797,76.5,78.26000213623047,5303300,2024-05-01,0,1
2024-05-02,79.19000244140625,79.37000274658203,77.19000244140625,77.83000183105469,2995700,2024-05-02,0,1
2024-05-03,78.5,80.05999755859375,78.5,79.47000122070312,2722700,2024-05-03,0,1
2024-05-06,79.5999984741211,80.0,78.6500015258789,79.80000305175781,2389700,2024-05-06,0,1
2024-05-07,80.0,81.68000030517578,79.66999816894531,81.43000030517578,3225500,2024-05-07,0,1
2024-05-08,81.01000213623047,81.57499694824219,80.25,81.11000061035156,2748400,2024-05-08,0,1
2024-05-09,81.5,82.76000213623047,81.16000366210938,82.7300033569336,1952700,2024-05-09,0,1
2024-05-10,83.16999816894531,83.47899627685547,82.70999908447266,83.4000015258789,1856300,2024-05-10,0,1
2024-05-13,83.88999938964844,84.0,80.58000183105469,81.02999877929688,1885300,2024-05-13,0,1
2024-05-14,81.0,81.69000244140625,80.30000305175781,80.5199966430664,2500700,2024-05-14,0,1
2024-05-15,81.19000244140625,82.23999786376953,80.13999938964844,81.91000366210938,1956200,2024-05-15,0,1
2024-05-16,81.5,81.96499633789062,80.9000015258789,81.30999755859375,1627100,2024-05-16,0,1
2024-05-17,81.0,81.87999725341797,80.41999816894531,81.86000061035156,1321000,2024-05-17,0,1
2024-05-20,81.97000122070312,82.66999816894531,81.47000122070312,81.75,1248500,2024-05-20,0,1
2024-05-21,81.75,82.0,81.0999984741211,81.94000244140625,1150200,2024-05-21,0,1
2024-05-22,81.56999969482422,81.88999938964844,80.37000274658203,80.62000274658203,1633600,2024-05-22,0,1
2024-05-23,80.9800033569336,80.9800033569336,79.2300033569336,79.33000183105469,2034900,2024-05-23,0,1
2024-05-24,79.83999633789062,80.26000213623047,78.91000366210938,79.8499984741211,1433900,2024-05-24,0,1
2024-05-28,79.37000274658203,79.72000122070312,78.5,78.75,1854800,2024-05-28,0,1
2024-05-29,78.06999969482422,78.91999816894531,77.91000366210938,78.44999694824219,2397000,2024-05-29,0,1
2024-05-30,78.0,78.93000030517578,76.94000244140625,78.56999969482422,2751700,2024-05-30,0,1
2024-05-31,78.7300033569336,78.7300033569336,76.91000366210938,78.0,7002100,2024-05-31,0,1
2024-06-03,78.05999755859375,78.80000305175781,76.25,77.1500015258789,3059500,2024-06-03,0,1
2024-06-04,77.05000305175781,77.81999969482422,76.25,77.5199966430664,1967200,2024-06-04,0,1
2024-06-05,77.45999908447266,77.77999877929688,76.62000274658203,76.95999908447266,2637500,2024-06-05,0,1
2024-06-06,76.6500015258789,77.1500015258789,75.76000213623047,77.0,2474900,2024-06-06,0,1
2024-06-07,76.72000122070312,77.02999877929688,75.91000366210938,76.33999633789062,2357000,2024-06-07,0,1
2024-06-10,75.97000122070312,76.01000213623047,75.22000122070312,75.77999877929688,2116100,2024-06-10,0,1
2024-06-11,75.55000305175781,75.55000305175781,74.51000213623047,74.73999786376953,2655600,2024-06-11,0,1
2024-06-12,75.19999694824219,76.2300033569336,75.01000213623047,75.97000122070312,3081600,2024-06-12,0,1
2024-06-13,75.16999816894531,77.33000183105469,75.13999938964844,76.98999786376953,2530200,2024-06-13,0,1
2024-06-14,76.19999694824219,76.61000061035156,75.11000061035156,76.48999786376953,2576800,2024-06-14,0,1
2024-06-17,76.26000213623047,77.86000061035156,75.95999908447266,77.55000305175781,2190500,2024-06-17,0,1
2024-06-18,77.30999755859375,78.72000122070312,77.16999816894531,78.2699966430664,2032500,2024-06-18,0,1
2024-06-20,78.0,80.0999984741211,77.8499984741211,79.44000244140625,3408100,2024-06-20,0,1
2024-06-21,79.83000183105469,80.0999984741211,78.48999786376953,79.16999816894531,5198000,2024-06-21,0,1
2024-06-24,79.33000183105469,79.63999938964844,78.66000366210938,78.8499984741211,2270100,2024-06-24,0,1
2024-06-25,78.9800033569336,79.27999877929688,78.37000274658203,78.80999755859375,1848500,2024-06-25,0,1
2024-06-26,78.86000061035156,79.29000091552734,77.96499633789062,78.0,2426200,2024-06-26,0,1
2024-06-27,78.01000213623047,79.0999984741211,77.88999938964844,78.81999969482422,2192600,2024-06-27,0,1
2024-06-28,79.20999908447266,79.64800262451172,77.2300033569336,77.91999816894531,9422500,2024-06-28,0,1
2024-07-01,78.3499984741211,78.3499984741211,76.22000122070312,76.26000213623047,3081400,2024-07-01,0,1
2024-07-02,76.26000213623047,76.70999908447266,75.68000030517578,76.33000183105469,2171300,2024-07-02,0,1
2024-07-03,76.37000274658203,77.3499984741211,76.30999755859375,77.23999786376953,1346700,2024-07-03,0,1
2024-07-05,77.19999694824219,77.25,76.55000305175781,77.05999755859375,1689500,2024-07-05,0,1
2024-07-08,77.0,77.63999938964844,76.30999755859375,76.3499984741211,1662000,2024-07-08,0,1
2024-07-09,76.3499984741211,77.0,75.73999786376953,76.87000274658203,2152500,2024-07-09,0,1
2024-07-10,76.93000030517578,79.22000122070312,76.93000030517578,79.13999938964844,2475300,2024-07-10,0,1
2024-07-11,79.19000244140625,80.72000122070312,79.19000244140625,79.94000244140625,2540600,2024-07-11,0,1
2024-07-12,80.29000091552734,81.32499694824219,79.94000244140625,80.27999877929688,2579000,2024-07-12,0,1
2024-07-15,80.25,80.62999725341797,79.8499984741211,80.19000244140625,2483200,2024-07-15,0,1
2024-07-16,80.44999694824219,82.95999908447266,80.19000244140625,82.63999938964844,3524300,2024-07-16,0,1
2024-07-17,82.58999633789062,83.62000274658203,81.95999908447266,82.47000122070312,2567800,2024-07-17,0,1
2024-07-18,81.94999694824219,83.50499725341797,80.88999938964844,80.9800033569336,3233900,2024-07-18,0,1
2024-07-19,81.2300033569336,81.38500213623047,79.91000366210938,80.44000244140625,2428200,2024-07-19,0,1
2024-07-22,81.08000183105469,81.37999725341797,80.0999984741211,81.2300033569336,2439400,2024-07-22,0,1
2024-07-23,80.87999725341797,81.20999908447266,80.5,80.81999969482422,1529000,2024-07-23,0,1
2024-07-24,81.0,81.48999786376953,79.62999725341797,79.69000244140625,2517000,2024-07-24,0,1
2024-07-25,80.41000366210938,81.05999755859375,79.7300033569336,79.91999816894531,2512400,2024-07-25,0,1
2024-07-26,80.73999786376953,81.68800354003906,80.0,80.5,2532900,2024-07-26,0,1
2024-07-29,80.68000030517578,82.45899963378906,80.5199966430664,82.05000305175781,2790400,2024-07-29,0,1
2024-07-30,82.54000091552734,84.08000183105469,81.0,82.6500015258789,5269100,2024-07-30,0,1
2024-07-31,80.0999984741211,88.25,80.0,84.62999725341797,8043400,2024-07-31,0,1
2024-08-01,84.0999984741211,85.0,82.22000122070312,83.4000015258789,3561600,2024-08-01,0,1
2024-08-02,82.80000305175781,83.52999877929688,80.79499816894531,83.44000244140625,2986200,2024-08-02,0,1
2024-08-05,81.97000122070312,82.37000274658203,79.73999786376953,81.5199966430664,3589100,2024-08-05,0,1
2024-08-06,82.11000061035156,82.93000030517578,81.16999816894531,81.55000305175781,2686700,2024-08-06,0,1
2024-08-07,82.2300033569336,82.66000366210938,78.77999877929688,79.33999633789062,2401200,2024-08-07,0,1
2024-08-08,79.91999816894531,82.4000015258789,79.68000030517578,82.31999969482422,1632600,2024-08-08,0,1
2024-08-09,82.31999969482422,83.47000122070312,81.31500244140625,83.4000015258789,1584300,2024-08-09,0,1
2024-08-12,83.19999694824219,83.19999694824219,81.70999908447266,82.37000274658203,1564400,2024-08-12,0,1
2024-08-13,83.19000244140625,84.48999786376953,82.5199966430664,84.16999816894531,1766200,2024-08-13,0,1
2024-08-14,84.19000244140625,84.2300033569336,82.75,83.47000122070312,1904600,2024-08-14,0,1
2024-08-15,83.97000122070312,85.94000244140625,83.97000122070312,85.30000305175781,2319400,2024-08-15,0,1
2024-08-16,84.93000030517578,85.1500015258789,84.16000366210938,84.80000305175781,1341700,2024-08-16,0,1
2024-08-19,84.69999694824219,85.61000061035156,84.1500015258789,85.58999633789062,1439000,2024-08-19,0,1
2024-08-20,85.16000366210938,85.69999694824219,83.83999633789062,83.94000244140625,1464200,2024-08-20,0,1
2024-08-21,84.63999938964844,84.63999938964844,83.54000091552734,84.4800033569336,984300,2024-08-21,0,1
2024-08-22,84.77999877929688,84.77999877929688,83.94999694824219,84.37000274658203,944800,2024-08-22,0,1
2024-08-23,85.0,85.56999969482422,83.94999694824219,84.77999877929688,1511800,2024-08-23,0,1
2024-08-26,84.63999938964844,85.41999816894531,84.16999816894531,84.48999786376953,1475100,2024-08-26,0,1
2024-08-27,84.52999877929688,84.69999694824219,84.02999877929688,84.41000366210938,1208100,2024-08-27,0,1
2024-08-28,84.41999816894531,84.41999816894531,83.33000183105469,83.93000030517578,1131300,2024-08-28,0,1
2024-08-29,84.25,85.0,83.68000030517578,84.08000183105469,1264700,2024-08-29,0,1
2024-08-30,84.44999694824219,84.87999725341797,83.58999633789062,84.81999969482422,1838600,2024-08-30,0,1
2024-09-03,84.55999755859375,85.56700134277344,84.33000183105469,84.80000305175781,1963900,2024-09-03,0,1
2024-09-04,84.20999908447266,87.72000122070312,84.20999908447266,87.55000305175781,2008000,2024-09-04,0,1
2024-09-05,87.4000015258789,88.5,86.68000030517578,87.29000091552734,2321000,2024-09-05,0,1
2024-09-06,87.2300033569336,87.75,85.01000213623047,85.08999633789062,2696500,2024-09-06,0,1
2024-09-09,85.36000061035156,86.45999908447266,84.72000122070312,85.12000274658203,1659600,2024-09-09,0,1
2024-09-10,85.20999908447266,85.7300033569336,84.83999633789062,85.55000305175781,1558900,2024-09-10,0,1
2024-09-11,85.26000213623047,87.41000366210938,83.13999938964844,87.19000244140625,2630300,2024-09-11,0,1
2024-09-12,87.0199966430664,87.47000122070312,86.04000091552734,87.45999908447266,1394300,2024-09-12,0,1
2024-09-13,86.61000061035156,87.1500015258789,85.70999908447266,86.91000366210938,10515100,2024-09-13,0,1
2024-09-16,87.1500015258789,87.25,85.8550033569336,86.63999938964844,4680200,2024-09-16,0,1
2024-09-17,86.63999938964844,88.19000244140625,86.3499984741211,86.79000091552734,3144200,2024-09-17,0,1
2024-09-18,87.41999816894531,89.69000244140625,86.99500274658203,88.52999877929688,3508400,2024-09-18,0,1
2024-09-19,89.66999816894531,90.79000091552734,88.7699966430664,90.62000274658203,3128100,2024-09-19,0,1
2024-09-20,90.3499984741211,91.12999725341797,89.59500122070312,90.27999877929688,9492300,2024-09-20,0,1
2024-09-23,90.5,91.61399841308594,90.33000183105469,90.87999725341797,2908800,2024-09-23,0,1
2024-09-24,91.0,92.33999633789062,89.80000305175781,92.20999908447266,3537800,2024-09-24,0,1
2024-09-25,92.79000091552734,93.52999877929688,92.1500015258789,93.01000213623047,4044700,2024-09-25,0,1
2024-09-26,91.0199966430664,92.72000122070312,89.37999725341797,92.48999786376953,5273200,2024-09-26,0,1
2024-09-27,92.68000030517578,94.55000305175781,91.88999938964844,91.98999786376953,12623800,2024-09-27,0,1
2024-09-30,92.51000213623047,94.31999969482422,92.38999938964844,93.8499984741211,3977300,2024-09-30,0,1
2024-10-01,93.81999969482422,93.81999969482422,91.1500015258789,91.66999816894531,2615400,2024-10-01,0,1
2024-10-02,91.62999725341797,92.4800033569336,90.97000122070312,91.04000091552734,1763400,2024-10-02,0,1
2024-10-03,90.51000213623047,90.83999633789062,89.5199966430664,89.87999725341797,2592900,2024-10-03,0,1
2024-10-04,90.63999938964844,91.47000122070312,89.91999816894531,91.41999816894531,1988600,2024-10-04,0,1
2024-10-07,91.0,91.30000305175781,89.71499633789062,90.05999755859375,2623400,2024-10-07,0,1
2024-10-08,90.23999786376953,91.01699829101562,89.86000061035156,90.69000244140625,2075400,2024-10-08,0,1
2024-10-09,90.80000305175781,91.0199966430664,89.99500274658203,90.7699966430664,2122900,2024-10-09,0,1
2024-10-10,90.30000305175781,90.86000061035156,89.79499816894531,90.25,2269300,2024-10-10,0,1
2024-10-11,90.68000030517578,91.61000061035156,90.38999938964844,91.02999877929688,1372100,2024-10-11,0,1
2024-10-14,91.05000305175781,91.80000305175781,90.56999969482422,91.62000274658203,1342800,2024-10-14,0,1
2024-10-15,91.88999938964844,91.95500183105469,90.61000061035156,90.70999908447266,2474300,2024-10-15,0,1
2024-10-16,91.04000091552734,91.12000274658203,89.96499633789062,90.22000122070312,1823100,2024-10-16,0,1
2024-10-17,90.73999786376953,90.91999816894531,90.26000213623047,90.81999969482422,1711100,2024-10-17,0,1
2024-10-18,90.05999755859375,91.58000183105469,89.98500061035156,91.33999633789062,1609500,2024-10-18,0,1
2024-10-21,90.88999938964844,91.44999694824219,89.5199966430664,89.80000305175781,1675400,2024-10-21,0,1
2024-10-22,89.26000213623047,89.55999755859375,87.69499969482422,89.30999755859375,2210200,2024-10-22,0,1
2024-10-23,88.6500015258789,90.36000061035156,88.11000061035156,89.29000091552734,2116600,2024-10-23,0,1
2024-10-24,89.55999755859375,89.9800033569336,88.5999984741211,88.9000015258789,1291700,2024-10-24,0,1
2024-10-25,89.26000213623047,89.6500015258789,88.30000305175781,88.41999816894531,2035500,2024-10-25,0,1
2024-10-28,86.66000366210938,86.96499633789062,84.9000015258789,85.93000030517578,4223700,2024-10-28,0,1
2024-10-29,85.66000366210938,86.69999694824219,85.01000213623047,85.2699966430664,3762300,2024-10-29,0,1
2024-10-30,89.7300033569336,90.16000366210938,85.80000305175781,87.19999694824219,4700400,2024-10-30,0,1
2024-10-31,86.12000274658203,88.1449966430664,86.0,87.3499984741211,3259500,2024-10-31,0,1
2024-11-01,87.20999908447266,88.44000244140625,86.72000122070312,86.94999694824219,3383300,2024-11-01,0,1
2024-11-04,87.5999984741211,87.91999816894531,86.55000305175781,86.98999786376953,1431700,2024-11-04,0,1
2024-11-05,86.80999755859375,88.19000244140625,86.80999755859375,88.16999816894531,1656200,2024-11-05,0,1
2024-11-06,89.91999816894531,90.0,85.07499694824219,86.77999877929688,4163100,2024-11-06,0,1
2024-11-07,87.11000061035156,88.87999725341797,86.93599700927734,88.33000183105469,2497300,2024-11-07,0,1
2024-11-08,88.80000305175781,89.11000061035156,85.83999633789062,85.94000244140625,10190500,2024-11-08,0,1
2024-11-11,87.0,87.1500015258789,84.47000122070312,85.38999938964844,4367000,2024-11-11,0,1
2024-11-12,85.41999816894531,85.91000366210938,84.72000122070312,84.91999816894531,3918900,2024-11-12,0,1
2024-11-13,85.12000274658203,85.40499877929688,83.25499725341797,84.18000030517578,3014800,2024-11-13,0,1
2024-11-14,83.6500015258789,84.69000244140625,82.69999694824219,82.91999816894531,3061100,2024-11-14,0,1
2024-11-15,82.80999755859375,82.81999969482422,81.5199966430664,81.76000213623047,3768400,2024-11-15,0,1
2024-11-18,81.9000015258789,83.48500061035156,81.88500213623047,82.72000122070312,2918000,2024-11-18,0,1
2024-11-19,82.0,83.2300033569336,81.70999908447266,82.5199966430664,2513600,2024-11-19,0,1
2024-11-20,82.5,85.29000091552734,82.41000366210938,84.9000015258789,6103400,2024-11-20,0,1
2024-11-21,84.5999984741211,85.26000213623047,81.83999633789062,82.0,4930600,2024-11-21,0,1
2024-11-22,81.95999908447266,82.58000183105469,80.55999755859375,82.44000244140625,5934900,2024-11-22,0,1
2024-11-25,83.36000061035156,83.5,81.9000015258789,82.66000366210938,5272900,2024-11-25,0,1
2024-11-26,82.77999877929688,83.43000030517578,82.38999938964844,82.51000213623047,2040900,2024-11-26,0,1
2024-11-27,82.8499984741211,83.90499877929688,82.71800231933594,83.0,1808000,2024-11-27,0,1
2024-11-29,83.25,83.51000213623047,82.88999938964844,83.22000122070312,1277700,2024-11-29,0,1
2024-12-02,82.88999938964844,83.25,82.38999938964844,83.08000183105469,2247000,2024-12-02,0,1
2024-12-03,82.4800033569336,83.05999755859375,82.03399658203125,82.56999969482422,2026700,2024-12-03,0,1
2024-12-04,82.62000274658203,83.20999908447266,82.5,83.01000213623047,1932700,2024-12-04,0,1
2024-12-05,82.76000213623047,83.33000183105469,81.36000061035156,81.56500244140625,2269200,2024-12-05,0,1
2024-12-06,81.37000274658203,81.97000122070312,80.47000122070312,81.23999786376953,3177200,2024-12-06,0,1
2024-12-09,81.36000061035156,82.12000274658203,81.05999755859375,81.9000015258789,2372600,2024-12-09,0,1
2024-12-10,82.41999816894531,83.0,81.6449966430664,82.36000061035156,3124600,2024-12-10,0,1
2024-12-11,82.05000305175781,83.33000183105469,81.77999877929688,82.75,3890100,2024-12-11,0,1
2024-12-12,82.33000183105469,82.62000274658203,80.83999633789062,81.62999725341797,2370000,2024-12-12,0,1
2024-12-13,81.4000015258789,81.48999786376953,80.62000274658203,81.0999984741211,2836000,2024-12-13,0,1
2024-12-16,80.76000213623047,81.77999877929688,80.08999633789062,80.29000091552734,2908800,2024-12-16,0,1
2024-12-17,80.33999633789062,80.83000183105469,79.20999908447266,79.25,3557100,2024-12-17,0,1
2024-12-18,79.37000274658203,80.37000274658203,76.9800033569336,77.08999633789062,3264100,2024-12-18,0,1
2024-12-19,77.30999755859375,78.18000030517578,76.94999694824219,77.43000030517578,3384400,2024-12-19,0,1
2024-12-20,77.56999969482422,79.02999877929688,76.89099884033203,78.91000366210938,11179900,2024-12-20,0,1
2024-12-23,78.77999877929688,79.3499984741211,77.52999877929688,79.27999877929688,2495700,2024-12-23,0,1
2024-12-24,79.54000091552734,79.79000091552734,78.73500061035156,79.36000061035156,1035700,2024-12-24,0,1
2024-12-26,79.0999984741211,80.18000030517578,78.9749984741211,79.70999908447266,1622000,2024-12-26,0,1
2024-12-27,79.31999969482422,79.87000274658203,78.88999938964844,79.51000213623047,1533000,2024-12-27,0,1
2024-12-30,79.12000274658203,79.16000366210938,77.5999984741211,78.5999984741211,1850600,2024-12-30,0,1
